datetime,hour,midnight_flag,part_of_day,humidity,feelslike,temp,sensor_temp,Consumption (kWh)
2023-11-02 19:00:00,19,False,2,97.65,5.3,8.5,20.91329479768786,0.92
2023-11-02 19:30:00,19,False,2,96.495,5.1,8.45,20.971098265895957,3.14
2023-11-02 20:00:00,20,False,2,95.34,4.9,8.4,21.028901734104046,0.96
2023-11-02 20:30:00,20,False,2,94.745,4.85,8.350000000000001,21.052023121387283,0.92
2023-11-02 21:00:00,21,False,6,94.15,4.8,8.3,21.07514450867052,0.88
2023-11-02 21:30:00,21,False,6,94.25,4.75,8.25,21.09826589595376,0.84
2023-11-02 22:00:00,22,False,6,94.35,4.7,8.2,21.121387283236995,0.05
2023-11-02 22:30:00,22,False,6,94.02,4.7,8.2,21.121387283236995,0.18
2023-11-02 23:00:00,23,False,6,93.69,4.7,8.2,21.121387283236995,0.3
2023-11-02 23:30:00,23,False,6,94.1,4.5,8.05,21.202312138728324,0.24
2023-11-03 00:00:00,0,True,1,94.51,4.3,7.9,21.283236994219653,0.01
2023-11-03 00:30:00,0,True,1,94.235,4.15,7.800000000000001,21.341040462427745,0.15
2023-11-03 01:00:00,1,True,1,93.96,4.0,7.7,21.39884393063584,0.03
2023-11-03 01:30:00,1,True,1,93.345,3.9,7.7,21.421965317919074,0.03
2023-11-03 02:00:00,2,True,1,92.73,3.8,7.7,21.44508670520231,0.04
2023-11-03 02:30:00,2,True,1,92.28,3.5999999999999996,7.6,21.514450867052023,0.05
2023-11-03 03:00:00,3,True,1,91.83,3.4,7.5,21.58381502890173,0.05
2023-11-03 03:30:00,3,True,1,91.84,3.45,7.45,21.58381502890173,0.04
2023-11-03 04:00:00,4,True,1,91.85,3.5,7.4,21.58381502890173,0.04
2023-11-03 04:30:00,4,True,1,91.81,3.6,7.4,21.560693641618496,0.03
2023-11-03 05:00:00,5,False,1,91.77,3.7,7.4,21.53757225433526,0.3
2023-11-03 05:30:00,5,False,1,91.955,3.75,7.300000000000001,21.54913294797688,0.32
2023-11-03 06:00:00,6,False,5,92.14,3.8,7.2,21.560693641618496,0.35
2023-11-03 06:30:00,6,False,5,92.825,3.75,7.2,21.57225433526012,0.38
2023-11-03 07:00:00,7,False,5,93.51,3.7,7.2,21.58381502890173,0.4
2023-11-03 07:30:00,7,False,5,93.83500000000001,3.95,7.25,21.514450867052023,2.27
2023-11-03 08:00:00,8,False,5,94.16,4.2,7.3,21.44508670520231,0.38
2023-11-03 08:30:00,8,False,5,93.33,4.25,7.55,21.3757225433526,0.36
2023-11-03 09:00:00,9,False,4,92.5,4.3,7.8,21.30635838150289,0.05
2023-11-03 09:30:00,9,False,4,90.46000000000001,4.85,8.25,21.07514450867052,0.11
2023-11-03 10:00:00,10,False,4,88.42,5.4,8.7,20.84393063583815,0.18
2023-11-03 10:30:00,10,False,4,86.53,5.85,9.1,20.647398843930635,0.24
2023-11-03 11:00:00,11,False,4,84.64,6.3,9.5,20.45086705202312,0.34
2023-11-03 11:30:00,11,False,4,83.03999999999999,8.3,9.9,19.89595375722543,0.27
2023-11-03 12:00:00,12,False,0,81.44,10.3,10.3,19.341040462427745,0.24
2023-11-03 12:30:00,12,False,0,80.62,10.25,10.25,19.36416184971098,0.21
2023-11-03 13:00:00,13,False,0,79.8,10.2,10.2,19.387283236994215,0.4
2023-11-03 13:30:00,13,False,0,80.215,10.149999999999999,10.149999999999999,19.41040462427745,0.45
2023-11-03 14:00:00,14,False,0,80.63,10.1,10.1,19.43352601156069,2.06
2023-11-03 14:30:00,14,False,0,81.24,8.4,9.85,19.88439306358381,0.55
2023-11-03 15:00:00,15,False,3,81.85,6.7,9.6,20.335260115606932,0.6
2023-11-03 15:30:00,15,False,3,84.05,6.35,9.25,20.497109826589597,0.57
2023-11-03 16:00:00,16,False,3,86.25,6.0,8.9,20.65895953757225,0.55
2023-11-03 16:30:00,16,False,3,89.025,5.7,8.600000000000001,20.79768786127168,0.52
2023-11-03 17:00:00,17,False,3,91.8,5.4,8.3,20.936416184971097,0.6
2023-11-03 17:30:00,17,False,3,91.875,5.25,8.15,21.005780346820806,0.68
2023-11-03 18:00:00,18,False,2,91.95,5.1,8.0,21.07514450867052,0.76
2023-11-03 18:30:00,18,False,2,92.555,4.8,7.9,21.167630057803468,0.84
2023-11-03 19:00:00,19,False,2,93.16,4.5,7.8,21.260115606936417,0.92
2023-11-03 19:30:00,19,False,2,93.35499999999999,4.5,7.8,21.260115606936417,1.0
2023-11-03 20:00:00,20,False,2,93.55,4.5,7.8,21.260115606936417,0.96
2023-11-03 20:30:00,20,False,2,93.69,4.65,7.75,21.236994219653177,0.92
2023-11-03 21:00:00,21,False,6,93.83,4.8,7.7,21.21387283236994,0.88
2023-11-03 21:30:00,21,False,6,94.47999999999999,4.65,7.6,21.271676300578036,0.84
2023-11-03 22:00:00,22,False,6,95.13,4.5,7.5,21.32947976878613,0.05
2023-11-03 22:30:00,22,False,6,95.53,4.6,7.55,21.29479768786127,0.18
2023-11-03 23:00:00,23,False,6,95.93,4.7,7.6,21.260115606936417,3.22
2023-11-03 23:30:00,23,False,6,95.61500000000001,4.45,7.449999999999999,21.35260115606936,0.24
2023-11-04 00:00:00,0,True,1,95.3,4.2,7.3,21.44508670520231,0.11
2023-11-04 00:30:00,0,True,1,95.095,4.0,6.949999999999999,21.57225433526012,0.1
2023-11-04 01:00:00,1,True,1,94.89,3.8,6.6,21.69942196531792,0.03
2023-11-04 01:30:00,1,True,1,95.34,3.8,6.3,21.76878612716763,0.03
2023-11-04 02:00:00,2,True,1,95.79,3.8,6.0,21.838150289017342,0.04
2023-11-04 02:30:00,2,True,1,95.92,3.55,5.95,21.90751445086705,0.1
2023-11-04 03:00:00,3,True,1,96.05,3.3,5.9,21.976878612716764,0.05
2023-11-04 03:30:00,3,True,1,95.72,3.3499999999999996,5.65,22.02312138728324,0.04
2023-11-04 04:00:00,4,True,1,95.39,3.4,5.4,22.06936416184971,0.04
2023-11-04 04:30:00,4,True,1,95.655,3.2,5.2,22.161849710982658,0.03
2023-11-04 05:00:00,5,False,1,95.92,3.0,5.0,22.254335260115607,0.3
2023-11-04 05:30:00,5,False,1,97.05000000000001,2.45,4.9,22.404624277456648,0.32
2023-11-04 06:00:00,6,False,5,98.18,1.9,4.8,22.55491329479769,0.35
2023-11-04 06:30:00,6,False,5,98.61000000000001,1.65,4.55,22.67052023121387,0.38
2023-11-04 07:00:00,7,False,5,99.04,1.4,4.3,22.786127167630056,0.4
2023-11-04 07:30:00,7,False,5,98.905,1.45,4.5,22.728323699421964,1.89
2023-11-04 08:00:00,8,False,5,98.77,1.5,4.7,22.67052023121387,0.38
2023-11-04 08:30:00,8,False,5,98.50999999999999,1.65,4.9,22.589595375722546,0.36
2023-11-04 09:00:00,9,False,4,98.25,1.8,5.1,22.508670520231213,0.05
2023-11-04 09:30:00,9,False,4,98.14500000000001,2.0,5.199999999999999,22.4393063583815,0.11
2023-11-04 10:00:00,10,False,4,98.04,2.2,5.3,22.36994219653179,0.18
2023-11-04 10:30:00,10,False,4,98.245,2.05,5.4,22.38150289017341,0.24
2023-11-04 11:00:00,11,False,4,98.45,1.9,5.5,22.393063583815028,0.3
2023-11-04 11:30:00,11,False,4,97.985,2.0999999999999996,5.65,22.3121387283237,0.27
2023-11-04 12:00:00,12,False,0,97.52,2.3,5.8,22.23121387283237,0.24
2023-11-04 12:30:00,12,False,0,97.16999999999999,2.4,6.0,22.161849710982658,0.21
2023-11-04 13:00:00,13,False,0,96.82,2.5,6.2,22.09248554913295,0.4
2023-11-04 13:30:00,13,False,0,97.37,2.65,6.35,22.02312138728324,0.45
2023-11-04 14:00:00,14,False,0,97.92,2.8,6.5,21.953757225433527,1.85
2023-11-04 14:30:00,14,False,0,98.13499999999999,2.95,6.55,21.90751445086705,0.55
2023-11-04 15:00:00,15,False,3,98.35,3.1,6.6,21.86127167630058,0.6
2023-11-04 15:30:00,15,False,3,98.47,3.1500000000000004,6.6,21.84971098265896,0.57
2023-11-04 16:00:00,16,False,3,98.59,3.2,6.6,21.838150289017342,1.39
2023-11-04 16:30:00,16,False,3,98.605,3.45,6.6,21.78034682080925,0.52
2023-11-04 17:00:00,17,False,3,98.62,3.7,6.6,21.72254335260116,0.6
2023-11-04 17:30:00,17,False,3,98.375,3.6,6.65,21.734104046242773,0.68
2023-11-04 18:00:00,18,False,2,98.13,3.5,6.7,21.745664739884397,0.76
2023-11-04 18:30:00,18,False,2,98.25,3.55,6.75,21.72254335260116,0.84
2023-11-04 19:00:00,19,False,2,98.37,3.6,6.8,21.69942196531792,0.92
2023-11-04 19:30:00,19,False,2,98.4,3.95,6.8,21.61849710982659,1.0
2023-11-04 20:00:00,20,False,2,98.43,4.3,6.8,21.53757225433526,3.1
2023-11-04 20:30:00,20,False,2,98.70500000000001,4.05,6.8,21.595375722543352,3.31
2023-11-04 21:00:00,21,False,6,98.98,3.8,6.8,21.653179190751445,0.88
2023-11-04 21:30:00,21,False,6,98.59,3.9,6.85,21.61849710982659,0.84
2023-11-04 22:00:00,22,False,6,98.2,4.0,6.9,21.58381502890173,3.39
2023-11-04 22:30:00,22,False,6,97.785,4.1,7.0,21.53757225433526,0.18
2023-11-04 23:00:00,23,False,6,97.37,4.2,7.1,21.491329479768787,0.3
2023-11-04 23:30:00,23,False,6,96.735,4.2,7.1,21.491329479768787,0.24
2023-11-05 00:00:00,0,True,1,96.1,4.2,7.1,21.491329479768787,0.01
2023-11-05 00:30:00,0,True,1,95.75,4.25,7.1,21.479768786127167,0.02
2023-11-05 01:00:00,1,True,1,95.4,4.3,7.1,21.468208092485547,0.03
2023-11-05 01:30:00,1,True,1,95.83000000000001,4.15,7.05,21.514450867052023,0.03
2023-11-05 02:00:00,2,True,1,96.26,4.0,7.0,21.560693641618496,0.04
2023-11-05 02:30:00,2,True,1,95.385,3.95,7.0,21.57225433526012,0.05
2023-11-05 03:00:00,3,True,1,94.51,3.9,7.0,21.58381502890173,0.05
2023-11-05 03:30:00,3,True,1,95.155,3.8,6.85,21.641618497109825,0.04
2023-11-05 04:00:00,4,True,1,95.8,3.7,6.7,21.69942196531792,0.15
2023-11-05 04:30:00,4,True,1,94.975,3.45,6.7,21.75722543352601,0.03
2023-11-05 05:00:00,5,False,1,94.15,3.2,6.7,21.815028901734102,0.3
2023-11-05 05:30:00,5,False,1,93.515,3.1,6.6,21.86127167630058,1.69
2023-11-05 06:00:00,6,False,5,92.88,3.0,6.5,21.90751445086705,0.35
2023-11-05 06:30:00,6,False,5,93.765,2.75,6.1,22.057803468208093,0.38
2023-11-05 07:00:00,7,False,5,94.65,2.5,5.7,22.20809248554913,2.35
2023-11-05 07:30:00,7,False,5,94.4,2.5,5.800000000000001,22.18497109826589,0.39
2023-11-05 08:00:00,8,False,5,94.15,2.5,5.9,22.161849710982658,0.38
2023-11-05 08:30:00,8,False,5,92.89500000000001,2.8,6.25,22.011560693641616,0.36
2023-11-05 09:00:00,9,False,4,91.64,3.1,6.6,21.86127167630058,0.05
2023-11-05 09:30:00,9,False,4,90.435,3.95,7.05,21.560693641618496,0.54
2023-11-05 10:00:00,10,False,4,89.23,4.8,7.5,21.260115606936417,0.18
2023-11-05 10:30:00,10,False,4,87.89,5.15,7.9,21.08670520231214,0.24
2023-11-05 11:00:00,11,False,4,86.55,5.5,8.3,20.91329479768786,0.3
2023-11-05 11:30:00,11,False,4,84.32499999999999,5.85,8.75,20.728323699421964,0.27
2023-11-05 12:00:00,12,False,0,82.1,6.2,9.2,20.54335260115607,0.24
2023-11-05 12:30:00,12,False,0,83.615,6.2,8.95,20.60115606936416,0.21
2023-11-05 13:00:00,13,False,0,85.13,6.2,8.7,20.65895953757225,0.4
2023-11-05 13:30:00,13,False,0,83.21000000000001,6.550000000000001,9.0,20.508670520231213,0.45
2023-11-05 14:00:00,14,False,0,81.29,6.9,9.3,20.35838150289017,0.5
2023-11-05 14:30:00,14,False,0,82.46000000000001,6.85,9.25,20.381502890173408,1.43
2023-11-05 15:00:00,15,False,3,83.63,6.8,9.2,20.404624277456648,0.6
2023-11-05 15:30:00,15,False,3,84.485,6.55,8.8,20.55491329479769,0.57
2023-11-05 16:00:00,16,False,3,85.34,6.3,8.4,20.705202312138727,1.19
2023-11-05 16:30:00,16,False,3,86.67,5.6,8.0,20.95953757225433,0.52
2023-11-05 17:00:00,17,False,3,88.0,4.9,7.6,21.21387283236994,0.6
2023-11-05 17:30:00,17,False,3,89.075,4.75,7.4,21.29479768786127,0.68
2023-11-05 18:00:00,18,False,2,90.15,4.6,7.2,21.3757225433526,0.76
2023-11-05 18:30:00,18,False,2,90.61,4.6,7.1,21.39884393063584,0.84
2023-11-05 19:00:00,19,False,2,91.07,4.6,7.0,21.421965317919074,0.92
2023-11-05 19:30:00,19,False,2,92.085,4.449999999999999,6.95,21.468208092485547,1.0
2023-11-05 20:00:00,20,False,2,93.1,4.3,6.9,21.514450867052023,0.96
2023-11-05 20:30:00,20,False,2,93.38,4.5,6.6,21.53757225433526,0.92
2023-11-05 21:00:00,21,False,6,93.66,4.7,6.3,21.560693641618496,0.88
2023-11-05 21:30:00,21,False,6,93.82,4.1,6.25,21.710982658959537,0.84
2023-11-05 22:00:00,22,False,6,93.98,3.5,6.2,21.86127167630058,0.05
2023-11-05 22:30:00,22,False,6,94.025,3.35,6.25,21.88439306358381,0.18
2023-11-05 23:00:00,23,False,6,94.07,3.2,6.3,21.90751445086705,0.3
2023-11-05 23:30:00,23,False,6,94.03,3.3,6.4,21.86127167630058,0.24
2023-11-06 00:00:00,0,True,1,93.99,3.4,6.5,21.815028901734102,0.01
2023-11-06 00:30:00,0,True,1,94.425,3.55,6.5,21.78034682080925,0.02
2023-11-06 01:00:00,1,True,1,94.86,3.7,6.5,21.745664739884397,0.03
2023-11-06 01:30:00,1,True,1,95.08,3.6,6.5,21.76878612716763,0.03
2023-11-06 02:00:00,2,True,1,95.3,3.5,6.5,21.791907514450862,0.04
2023-11-06 02:30:00,2,True,1,95.78999999999999,3.4,6.5,21.815028901734102,0.05
2023-11-06 03:00:00,3,True,1,96.28,3.3,6.5,21.838150289017342,0.05
2023-11-06 03:30:00,3,True,1,95.83,3.15,6.4,21.895953757225435,0.12
2023-11-06 04:00:00,4,True,1,95.38,3.0,6.3,21.953757225433527,0.04
2023-11-06 04:30:00,4,True,1,94.505,2.9,6.15,22.011560693641616,0.03
2023-11-06 05:00:00,5,False,1,93.63,2.8,6.0,22.06936416184971,2.38
2023-11-06 05:30:00,5,False,1,95.035,2.75,6.05,22.06936416184971,0.32
2023-11-06 06:00:00,6,False,5,96.44,2.7,6.1,22.06936416184971,0.35
2023-11-06 06:30:00,6,False,5,95.83,2.6,6.1,22.09248554913295,0.38
2023-11-06 07:00:00,7,False,5,95.22,2.5,6.1,22.115606936416185,0.4
2023-11-06 07:30:00,7,False,5,94.935,2.75,6.25,22.02312138728324,0.39
2023-11-06 08:00:00,8,False,5,94.65,3.0,6.4,21.930635838150287,0.38
2023-11-06 08:30:00,8,False,5,93.805,3.15,6.6,21.84971098265896,0.36
2023-11-06 09:00:00,9,False,4,92.96,3.3,6.8,21.76878612716763,0.05
2023-11-06 09:30:00,9,False,4,91.27,3.8,7.35,21.52601156069364,0.79
2023-11-06 10:00:00,10,False,4,89.58,4.3,7.9,21.283236994219653,0.18
2023-11-06 10:30:00,10,False,4,88.17,4.75,8.25,21.09826589595376,0.24
2023-11-06 11:00:00,11,False,4,86.76,5.2,8.6,20.91329479768786,0.3
2023-11-06 11:30:00,11,False,4,87.065,5.4,8.75,20.83236994219653,0.27
2023-11-06 12:00:00,12,False,0,87.37,5.6,8.9,20.751445086705203,0.41
2023-11-06 12:30:00,12,False,0,83.72,6.1,9.350000000000001,20.53179190751445,0.21
2023-11-06 13:00:00,13,False,0,80.07,6.6,9.8,20.3121387283237,0.4
2023-11-06 13:30:00,13,False,0,82.13999999999999,6.1,9.4,20.520231213872837,0.45
2023-11-06 14:00:00,14,False,0,84.21,5.6,9.0,20.728323699421964,1.02
2023-11-06 14:30:00,14,False,0,84.91999999999999,5.35,8.75,20.84393063583815,0.55
2023-11-06 15:00:00,15,False,3,85.63,5.1,8.5,20.95953757225433,0.6
2023-11-06 15:30:00,15,False,3,87.97,4.65,8.15,21.14450867052023,0.57
2023-11-06 16:00:00,16,False,3,90.31,4.2,7.8,21.32947976878613,0.55
2023-11-06 16:30:00,16,False,3,86.14500000000001,4.9,8.15,21.08670520231214,0.52
2023-11-06 17:00:00,17,False,3,81.98,5.6,8.5,20.84393063583815,3.39
2023-11-06 17:30:00,17,False,3,82.845,5.8,8.55,20.786127167630056,0.68
2023-11-06 18:00:00,18,False,2,83.71,6.0,8.6,20.728323699421964,0.76
2023-11-06 18:30:00,18,False,2,83.985,5.95,8.45,20.77456647398844,0.84
2023-11-06 19:00:00,19,False,2,84.26,5.9,8.3,20.820809248554912,0.92
2023-11-06 19:30:00,19,False,2,84.825,5.800000000000001,8.100000000000001,20.89017341040462,1.0
2023-11-06 20:00:00,20,False,2,85.39,5.7,7.9,20.95953757225433,0.96
2023-11-06 20:30:00,20,False,2,89.28999999999999,4.6,7.4,21.32947976878613,0.92
2023-11-06 21:00:00,21,False,6,93.19,3.5,6.9,21.69942196531792,0.88
2023-11-06 21:30:00,21,False,6,93.185,3.55,6.9,21.6878612716763,0.84
2023-11-06 22:00:00,22,False,6,93.18,3.6,6.9,21.67630057803468,0.05
2023-11-06 22:30:00,22,False,6,93.345,3.55,6.800000000000001,21.710982658959537,0.18
2023-11-06 23:00:00,23,False,6,93.51,3.5,6.7,21.745664739884397,0.3
2023-11-06 23:30:00,23,False,6,93.92,3.6,6.7,21.72254335260116,3.41
2023-11-07 00:00:00,0,True,1,94.33,3.7,6.7,21.69942196531792,0.15
2023-11-07 00:30:00,0,True,1,94.395,3.45,6.6,21.78034682080925,0.02
2023-11-07 01:00:00,1,True,1,94.46,3.2,6.5,21.86127167630058,0.03
2023-11-07 01:30:00,1,True,1,94.54499999999999,3.0,6.35,21.942196531791907,0.03
2023-11-07 02:00:00,2,True,1,94.63,2.8,6.2,22.02312138728324,0.14
2023-11-07 02:30:00,2,True,1,94.52,2.8499999999999996,6.25,22.0,0.05
2023-11-07 03:00:00,3,True,1,94.41,2.9,6.3,21.976878612716764,0.05
2023-11-07 03:30:00,3,True,1,94.5,2.75,6.25,22.02312138728324,0.04
2023-11-07 04:00:00,4,True,1,94.59,2.6,6.2,22.06936416184971,0.04
2023-11-07 04:30:00,4,True,1,95.355,2.5,6.1,22.115606936416185,0.03
2023-11-07 05:00:00,5,False,1,96.12,2.4,6.0,22.161849710982658,0.3
2023-11-07 05:30:00,5,False,1,96.805,2.5,6.0,22.13872832369942,0.32
2023-11-07 06:00:00,6,False,5,97.49,2.6,6.0,22.115606936416185,0.35
2023-11-07 06:30:00,6,False,5,97.235,2.8,6.2,22.02312138728324,0.38
2023-11-07 07:00:00,7,False,5,96.98,3.0,6.4,21.930635838150287,0.4
2023-11-07 07:30:00,7,False,5,96.725,3.15,6.550000000000001,21.86127167630058,0.39
2023-11-07 08:00:00,8,False,5,96.47,3.3,6.7,21.791907514450862,0.38
2023-11-07 08:30:00,8,False,5,95.81,3.75,7.1,21.595375722543352,0.36
2023-11-07 09:00:00,9,False,4,95.15,4.2,7.5,21.39884393063584,0.05
2023-11-07 09:30:00,9,False,4,93.625,4.35,7.85,21.283236994219653,0.11
2023-11-07 10:00:00,10,False,4,92.1,4.5,8.2,21.167630057803468,0.3
2023-11-07 10:30:00,10,False,4,91.085,4.85,8.35,21.052023121387283,0.24
2023-11-07 11:00:00,11,False,4,90.07,5.2,8.5,20.936416184971097,0.82
2023-11-07 11:30:00,11,False,4,89.01499999999999,5.75,8.95,20.705202312138727,0.87
2023-11-07 12:00:00,12,False,0,87.96,6.3,9.4,20.47398843930636,0.24
2023-11-07 12:30:00,12,False,0,86.785,6.4,9.55,20.416184971098264,0.21
2023-11-07 13:00:00,13,False,0,85.61,6.5,9.7,20.35838150289017,0.4
2023-11-07 13:30:00,13,False,0,84.505,6.6,9.649999999999999,20.346820809248555,0.45
2023-11-07 14:00:00,14,False,0,83.4,6.7,9.6,20.335260115606932,0.5
2023-11-07 14:30:00,14,False,0,81.985,6.85,9.6,20.30057803468208,0.55
2023-11-07 15:00:00,15,False,3,80.57,7.0,9.6,20.265895953757223,0.6
2023-11-07 15:30:00,15,False,3,82.985,6.85,9.25,20.381502890173408,0.57
2023-11-07 16:00:00,16,False,3,85.4,6.7,8.9,20.497109826589597,0.55
2023-11-07 16:30:00,16,False,3,87.83500000000001,5.85,8.4,20.809248554913296,0.52
2023-11-07 17:00:00,17,False,3,90.27,5.0,7.9,21.12138728323699,0.6
2023-11-07 17:30:00,17,False,3,90.24,4.7,7.6,21.260115606936417,0.68
2023-11-07 18:00:00,18,False,2,90.21,4.4,7.3,21.39884393063584,0.76
2023-11-07 18:30:00,18,False,2,91.485,4.35,7.25,21.421965317919074,0.84
2023-11-07 19:00:00,19,False,2,92.76,4.3,7.2,21.44508670520231,3.39
2023-11-07 19:30:00,19,False,2,92.64500000000001,4.05,6.9,21.57225433526012,1.0
2023-11-07 20:00:00,20,False,2,92.53,3.8,6.6,21.69942196531792,0.96
2023-11-07 20:30:00,20,False,2,93.565,3.55,6.5,21.78034682080925,0.92
2023-11-07 21:00:00,21,False,6,94.6,3.3,6.4,21.86127167630058,3.47
2023-11-07 21:30:00,21,False,6,94.205,3.0999999999999996,6.2,21.953757225433527,3.1
2023-11-07 22:00:00,22,False,6,93.81,2.9,6.0,22.046242774566476,0.05
2023-11-07 22:30:00,22,False,6,93.78999999999999,3.05,5.9,22.034682080924856,3.04
2023-11-07 23:00:00,23,False,6,93.77,3.2,5.8,22.02312138728324,3.26
2023-11-07 23:30:00,23,False,6,94.185,2.95,5.65,22.115606936416185,0.24
2023-11-08 00:00:00,0,True,1,94.6,2.7,5.5,22.20809248554913,0.01
2023-11-08 00:30:00,0,True,1,94.04499999999999,2.7,5.7,22.161849710982658,0.02
2023-11-08 01:00:00,1,True,1,93.49,2.7,5.9,22.115606936416185,0.03
2023-11-08 01:30:00,1,True,1,92.94999999999999,2.8,6.0,22.06936416184971,0.03
2023-11-08 02:00:00,2,True,1,92.41,2.9,6.1,22.02312138728324,0.04
2023-11-08 02:30:00,2,True,1,90.565,3.05,6.25,21.953757225433527,0.05
2023-11-08 03:00:00,3,True,1,88.72,3.2,6.4,21.88439306358381,0.05
2023-11-08 03:30:00,3,True,1,90.8,3.0,6.300000000000001,21.953757225433527,0.04
2023-11-08 04:00:00,4,True,1,92.88,2.8,6.2,22.02312138728324,0.04
2023-11-08 04:30:00,4,True,1,93.145,2.9,6.35,21.965317919075144,0.03
2023-11-08 05:00:00,5,False,1,93.41,3.0,6.5,21.90751445086705,0.3
2023-11-08 05:30:00,5,False,1,93.935,2.9,6.6,21.90751445086705,0.32
2023-11-08 06:00:00,6,False,5,94.46,2.8,6.7,21.90751445086705,0.35
2023-11-08 06:30:00,6,False,5,95.465,2.8499999999999996,6.85,21.86127167630058,0.38
2023-11-08 07:00:00,7,False,5,96.47,2.9,7.0,21.815028901734102,2.33
2023-11-08 07:30:00,7,False,5,96.375,3.15,7.3,21.6878612716763,0.39
2023-11-08 08:00:00,8,False,5,96.28,3.4,7.6,21.560693641618496,0.38
2023-11-08 08:30:00,8,False,5,96.375,3.9000000000000004,8.05,21.341040462427745,0.36
2023-11-08 09:00:00,9,False,4,96.47,4.4,8.5,21.12138728323699,0.05
2023-11-08 09:30:00,9,False,4,95.63,5.4,9.15,20.739884393063583,0.82
2023-11-08 10:00:00,10,False,4,94.79,6.4,9.8,20.35838150289017,0.18
2023-11-08 10:30:00,10,False,4,94.69,6.0,9.4,20.54335260115607,0.24
2023-11-08 11:00:00,11,False,4,94.59,5.6,9.0,20.728323699421964,0.3
2023-11-08 11:30:00,11,False,4,92.21000000000001,5.35,8.75,20.84393063583815,0.27
2023-11-08 12:00:00,12,False,0,89.83,5.1,8.5,20.95953757225433,0.24
2023-11-08 12:30:00,12,False,0,87.12,5.25,8.55,20.91329479768786,0.21
2023-11-08 13:00:00,13,False,0,84.41,5.4,8.6,20.86705202312139,1.29
2023-11-08 13:30:00,13,False,0,82.905,5.4,8.5,20.89017341040462,0.45
2023-11-08 14:00:00,14,False,0,81.4,5.4,8.4,20.91329479768786,0.5
2023-11-08 14:30:00,14,False,0,79.165,5.15,8.2,21.017341040462423,0.55
2023-11-08 15:00:00,15,False,3,76.93,4.9,8.0,21.12138728323699,0.6
2023-11-08 15:30:00,15,False,3,77.34,4.85,7.7,21.202312138728324,0.57
2023-11-08 16:00:00,16,False,3,77.75,4.8,7.4,21.283236994219653,1.62
2023-11-08 16:30:00,16,False,3,78.555,4.35,7.1,21.45664739884393,0.52
2023-11-08 17:00:00,17,False,3,79.36,3.9,6.8,21.63005780346821,0.6
2023-11-08 17:30:00,17,False,3,81.765,3.5999999999999996,6.449999999999999,21.78034682080925,0.68
2023-11-08 18:00:00,18,False,2,84.17,3.3,6.1,21.930635838150287,3.11
2023-11-08 18:30:00,18,False,2,83.745,3.2,5.85,22.011560693641616,0.84
2023-11-08 19:00:00,19,False,2,83.32,3.1,5.6,22.09248554913295,0.92
2023-11-08 19:30:00,19,False,2,83.13,2.85,5.75,22.115606936416185,1.0
2023-11-08 20:00:00,20,False,2,82.94,2.6,5.9,22.13872832369942,0.96
2023-11-08 20:30:00,20,False,2,82.82499999999999,2.5,5.9,22.161849710982658,0.92
2023-11-08 21:00:00,21,False,6,82.71,2.4,5.9,22.18497109826589,0.88
2023-11-08 21:30:00,21,False,6,82.12,2.3499999999999996,6.0,22.17341040462428,0.84
2023-11-08 22:00:00,22,False,6,81.53,2.3,6.1,22.161849710982658,0.05
2023-11-08 22:30:00,22,False,6,81.74000000000001,2.3,6.15,22.15028901734104,3.18
2023-11-08 23:00:00,23,False,6,81.95,2.3,6.2,22.13872832369942,0.3
2023-11-08 23:30:00,23,False,6,83.935,2.25,6.1,22.17341040462428,0.24
2023-11-09 00:00:00,0,True,1,85.92,2.2,6.0,22.20809248554913,0.01
2023-11-09 00:30:00,0,True,1,86.045,2.1500000000000004,6.1,22.196531791907518,0.02
2023-11-09 01:00:00,1,True,1,86.17,2.1,6.2,22.18497109826589,0.03
2023-11-09 01:30:00,1,True,1,87.255,2.1,6.1,22.20809248554913,0.03
2023-11-09 02:00:00,2,True,1,88.34,2.1,6.0,22.23121387283237,0.04
2023-11-09 02:30:00,2,True,1,89.36500000000001,2.05,5.95,22.254335260115607,0.11
2023-11-09 03:00:00,3,True,1,90.39,2.0,5.9,22.277456647398843,0.05
2023-11-09 03:30:00,3,True,1,90.21000000000001,2.0,5.800000000000001,22.30057803468208,0.04
2023-11-09 04:00:00,4,True,1,90.03,2.0,5.7,22.32369942196532,0.04
2023-11-09 04:30:00,4,True,1,91.41499999999999,1.85,5.550000000000001,22.393063583815028,0.03
2023-11-09 05:00:00,5,False,1,92.8,1.7,5.4,22.46242774566474,1.81
2023-11-09 05:30:00,5,False,1,93.925,2.15,5.4,22.35838150289017,0.32
2023-11-09 06:00:00,6,False,5,95.05,2.6,5.4,22.254335260115607,0.35
2023-11-09 06:30:00,6,False,5,93.14,2.35,5.5,22.289017341040463,0.38
2023-11-09 07:00:00,7,False,5,91.23,2.1,5.6,22.32369942196532,0.4
2023-11-09 07:30:00,7,False,5,91.7,2.25,5.65,22.277456647398843,0.39
2023-11-09 08:00:00,8,False,5,92.17,2.4,5.7,22.23121387283237,0.38
2023-11-09 08:30:00,8,False,5,91.17500000000001,2.4,5.800000000000001,22.20809248554913,1.88
2023-11-09 09:00:00,9,False,4,90.18,2.4,5.9,22.18497109826589,0.05
2023-11-09 09:30:00,9,False,4,89.67,2.5999999999999996,6.2,22.06936416184971,0.11
2023-11-09 10:00:00,10,False,4,89.16,2.8,6.5,21.953757225433527,0.18
2023-11-09 10:30:00,10,False,4,86.07499999999999,3.4,7.0,21.69942196531792,0.24
2023-11-09 11:00:00,11,False,4,82.99,4.0,7.5,21.44508670520231,0.3
2023-11-09 11:30:00,11,False,4,82.08500000000001,4.0,7.4,21.468208092485547,0.36
2023-11-09 12:00:00,12,False,0,81.18,4.0,7.3,21.491329479768787,0.24
2023-11-09 12:30:00,12,False,0,79.36500000000001,3.85,7.35,21.514450867052023,0.21
2023-11-09 13:00:00,13,False,0,77.55,3.7,7.4,21.53757225433526,0.4
2023-11-09 13:30:00,13,False,0,79.035,3.7,7.25,21.57225433526012,0.45
2023-11-09 14:00:00,14,False,0,80.52,3.7,7.1,21.60693641618497,0.5
2023-11-09 14:30:00,14,False,0,82.4,3.55,6.9,21.6878612716763,0.55
2023-11-09 15:00:00,15,False,3,84.28,3.4,6.7,21.76878612716763,0.6
2023-11-09 15:30:00,15,False,3,85.685,3.25,6.4,21.872832369942195,0.57
2023-11-09 16:00:00,16,False,3,87.09,3.1,6.1,21.976878612716764,0.55
2023-11-09 16:30:00,16,False,3,88.01,2.95,5.9,22.057803468208093,0.52
2023-11-09 17:00:00,17,False,3,88.93,2.8,5.7,22.13872832369942,0.6
2023-11-09 17:30:00,17,False,3,89.67,2.55,5.550000000000001,22.23121387283237,0.68
2023-11-09 18:00:00,18,False,2,90.41,2.3,5.4,22.32369942196532,0.76
2023-11-09 18:30:00,18,False,2,91.365,2.2,5.4,22.346820809248555,0.84
2023-11-09 19:00:00,19,False,2,92.32,2.1,5.4,22.36994219653179,3.39
2023-11-09 19:30:00,19,False,2,92.785,1.9,5.4,22.416184971098264,1.0
2023-11-09 20:00:00,20,False,2,93.25,1.7,5.4,22.46242774566474,0.96
2023-11-09 20:30:00,20,False,2,93.43,1.7,5.25,22.497109826589597,0.92
2023-11-09 21:00:00,21,False,6,93.61,1.7,5.1,22.53179190751445,0.88
2023-11-09 21:30:00,21,False,6,94.0,1.6,5.1,22.55491329479769,0.84
2023-11-09 22:00:00,22,False,6,94.39,1.5,5.1,22.57803468208093,0.05
2023-11-09 22:30:00,22,False,6,94.16,1.45,5.05,22.60115606936416,0.18
2023-11-09 23:00:00,23,False,6,93.93,1.4,5.0,22.6242774566474,3.04
2023-11-09 23:30:00,23,False,6,94.32,1.7,5.0,22.55491329479769,0.24
2023-11-10 00:00:00,0,True,1,94.71,2.0,5.0,22.485549132947977,0.01
2023-11-10 00:30:00,0,True,1,95.21,2.35,4.95,22.416184971098264,0.02
2023-11-10 01:00:00,1,True,1,95.71,2.7,4.9,22.346820809248555,0.03
2023-11-10 01:30:00,1,True,1,95.33,2.6500000000000004,4.9,22.35838150289017,0.03
2023-11-10 02:00:00,2,True,1,94.95,2.6,4.9,22.36994219653179,0.14
2023-11-10 02:30:00,2,True,1,94.09,2.0,4.800000000000001,22.53179190751445,0.05
2023-11-10 03:00:00,3,True,1,93.23,1.4,4.7,22.69364161849711,0.13
2023-11-10 03:30:00,3,True,1,94.74000000000001,1.65,4.5,22.68208092485549,0.04
2023-11-10 04:00:00,4,True,1,96.25,1.9,4.3,22.67052023121387,0.04
2023-11-10 04:30:00,4,True,1,97.21000000000001,1.65,4.05,22.786127167630056,0.03
2023-11-10 05:00:00,5,False,1,98.17,1.4,3.8,22.90173410404624,0.3
2023-11-10 05:30:00,5,False,1,98.67,1.4,3.65,22.936416184971097,0.32
2023-11-10 06:00:00,6,False,5,99.17,1.4,3.5,22.971098265895957,0.35
2023-11-10 06:30:00,6,False,5,99.38499999999999,1.7,3.65,22.86705202312139,0.38
2023-11-10 07:00:00,7,False,5,99.6,2.0,3.8,22.76300578034682,0.4
2023-11-10 07:30:00,7,False,5,99.6,1.6,3.5999999999999996,22.90173410404624,1.83
2023-11-10 08:00:00,8,False,5,99.6,1.2,3.4,23.040462427745663,0.38
2023-11-10 08:30:00,8,False,5,99.24,1.35,3.7,22.936416184971097,0.36
2023-11-10 09:00:00,9,False,4,98.88,1.5,4.0,22.83236994219653,0.05
2023-11-10 09:30:00,9,False,4,97.12,2.2,4.6,22.53179190751445,0.11
2023-11-10 10:00:00,10,False,4,95.36,2.9,5.2,22.23121387283237,0.18
2023-11-10 10:30:00,10,False,4,90.41,3.25,5.7,22.034682080924856,0.24
2023-11-10 11:00:00,11,False,4,85.46,3.6,6.2,21.838150289017342,0.3
2023-11-10 11:30:00,11,False,4,83.54499999999999,3.75,6.45,21.745664739884397,0.27
2023-11-10 12:00:00,12,False,0,81.63,3.9,6.7,21.653179190751445,0.24
2023-11-10 12:30:00,12,False,0,80.365,4.25,7.050000000000001,21.491329479768787,0.21
2023-11-10 13:00:00,13,False,0,79.1,4.6,7.4,21.32947976878613,0.4
2023-11-10 13:30:00,13,False,0,77.68,4.449999999999999,7.35,21.3757225433526,1.54
2023-11-10 14:00:00,14,False,0,76.26,4.3,7.3,21.421965317919074,0.5
2023-11-10 14:30:00,14,False,0,76.305,4.15,7.1,21.502890173410403,0.55
2023-11-10 15:00:00,15,False,3,76.35,4.0,6.9,21.58381502890173,0.6
2023-11-10 15:30:00,15,False,3,77.75999999999999,3.45,6.4,21.82658959537572,0.57
2023-11-10 16:00:00,16,False,3,79.17,2.9,5.9,22.06936416184971,0.55
2023-11-10 16:30:00,16,False,3,80.905,2.1,5.4,22.36994219653179,0.52
2023-11-10 17:00:00,17,False,3,82.64,1.3,4.9,22.67052023121387,0.6
2023-11-10 17:30:00,17,False,3,84.83,1.2000000000000002,4.75,22.728323699421964,0.68
2023-11-10 18:00:00,18,False,2,87.02,1.1,4.6,22.786127167630056,0.76
2023-11-10 18:30:00,18,False,2,87.845,1.1,4.6,22.786127167630056,0.84
2023-11-10 19:00:00,19,False,2,88.67,1.1,4.6,22.786127167630056,0.92
2023-11-10 19:30:00,19,False,2,88.98,0.9500000000000001,4.3,22.890173410404625,1.0
2023-11-10 20:00:00,20,False,2,89.29,0.8,4.0,22.99421965317919,0.96
2023-11-10 20:30:00,20,False,2,89.61000000000001,0.6000000000000001,3.95,23.052023121387283,0.92
2023-11-10 21:00:00,21,False,6,89.93,0.4,3.9,23.10982658959537,0.88
2023-11-10 21:30:00,21,False,6,91.065,0.7,3.95,23.028901734104046,0.84
2023-11-10 22:00:00,22,False,6,92.2,1.0,4.0,22.94797687861272,0.05
2023-11-10 22:30:00,22,False,6,93.605,1.1,4.0,22.92485549132948,0.18
2023-11-10 23:00:00,23,False,6,95.01,1.2,4.0,22.90173410404624,0.3
2023-11-10 23:30:00,23,False,6,95.31,1.1,4.0,22.92485549132948,0.24
2023-11-11 00:00:00,0,True,1,95.61,1.0,4.0,22.94797687861272,0.01
2023-11-11 00:30:00,0,True,1,95.445,1.25,4.1,22.86705202312139,0.02
2023-11-11 01:00:00,1,True,1,95.28,1.5,4.2,22.786127167630056,0.03
2023-11-11 01:30:00,1,True,1,96.03,1.3,4.15,22.84393063583815,0.03
2023-11-11 02:00:00,2,True,1,96.78,1.1,4.1,22.90173410404624,0.04
2023-11-11 02:30:00,2,True,1,96.63499999999999,0.9,3.75,23.028901734104046,0.05
2023-11-11 03:00:00,3,True,1,96.49,0.7,3.4,23.15606936416185,0.05
2023-11-11 03:30:00,3,True,1,95.905,0.55,3.55,23.15606936416185,0.04
2023-11-11 04:00:00,4,True,1,95.32,0.4,3.7,23.156069364161848,0.04
2023-11-11 04:30:00,4,True,1,95.34,0.5,3.55,23.167630057803468,0.03
2023-11-11 05:00:00,5,False,1,95.36,0.6,3.4,23.179190751445088,0.3
2023-11-11 05:30:00,5,False,1,95.515,0.04999999999999993,3.15,23.36416184971098,0.32
2023-11-11 06:00:00,6,False,5,95.67,-0.5,2.9,23.54913294797688,0.35
2023-11-11 06:30:00,6,False,5,94.09,-0.35,2.8499999999999996,23.52601156069364,0.38
2023-11-11 07:00:00,7,False,5,92.51,-0.2,2.8,23.502890173410403,0.4
2023-11-11 07:30:00,7,False,5,92.22,-0.1,2.8,23.479768786127167,1.41
2023-11-11 08:00:00,8,False,5,91.93,0.0,2.8,23.45664739884393,1.49
2023-11-11 08:30:00,8,False,5,91.02000000000001,0.55,3.3,23.213872832369944,0.36
2023-11-11 09:00:00,9,False,4,90.11,1.1,3.8,22.971098265895957,0.05
2023-11-11 09:30:00,9,False,4,87.58,2.5,4.8,22.416184971098264,0.11
2023-11-11 10:00:00,10,False,4,85.05,3.9,5.8,21.86127167630058,0.18
2023-11-11 10:30:00,10,False,4,81.985,4.6,6.4,21.560693641618496,0.24
2023-11-11 11:00:00,11,False,4,78.92,5.3,7.0,21.260115606936417,0.3
2023-11-11 11:30:00,11,False,4,77.495,5.9,7.45,21.017341040462423,0.27
2023-11-11 12:00:00,12,False,0,76.07,6.5,7.9,20.77456647398844,0.24
2023-11-11 12:30:00,12,False,0,73.85,6.9,8.15,20.6242774566474,0.21
2023-11-11 13:00:00,13,False,0,71.63,7.3,8.4,20.47398843930636,1.68
2023-11-11 13:30:00,13,False,0,71.49,7.85,8.4,20.346820809248555,0.45
2023-11-11 14:00:00,14,False,0,71.35,8.4,8.4,20.21965317919075,0.5
2023-11-11 14:30:00,14,False,0,71.715,8.25,8.25,20.289017341040463,0.55
2023-11-11 15:00:00,15,False,3,72.08,8.1,8.1,20.35838150289017,0.6
2023-11-11 15:30:00,15,False,3,73.62,7.5,7.5,20.63583815028902,0.57
2023-11-11 16:00:00,16,False,3,75.16,6.9,6.9,20.91329479768786,0.55
2023-11-11 16:30:00,16,False,3,79.895,6.1,6.1,21.283236994219653,2.28
2023-11-11 17:00:00,17,False,3,84.63,5.3,5.3,21.653179190751445,3.27
2023-11-11 17:30:00,17,False,3,85.375,5.0,5.0,21.791907514450862,0.68
2023-11-11 18:00:00,18,False,2,86.12,4.7,4.7,21.930635838150287,3.3
2023-11-11 18:30:00,18,False,2,87.6,4.0,4.7,22.09248554913295,0.84
2023-11-11 19:00:00,19,False,2,89.08,3.3,4.7,22.254335260115607,0.92
2023-11-11 19:30:00,19,False,2,88.82499999999999,2.95,4.75,22.32369942196532,3.15
2023-11-11 20:00:00,20,False,2,88.57,2.6,4.8,22.393063583815028,0.96
2023-11-11 20:30:00,20,False,2,89.6,2.4000000000000004,4.8,22.4393063583815,0.92
2023-11-11 21:00:00,21,False,6,90.63,2.2,4.8,22.485549132947977,0.88
2023-11-11 21:30:00,21,False,6,90.83500000000001,1.7000000000000002,4.55,22.65895953757225,0.84
2023-11-11 22:00:00,22,False,6,91.04,1.2,4.3,22.83236994219653,3.07
2023-11-11 22:30:00,22,False,6,92.70500000000001,0.75,3.8,23.052023121387283,0.18
2023-11-11 23:00:00,23,False,6,94.37,0.3,3.3,23.271676300578036,0.3
2023-11-11 23:30:00,23,False,6,95.35,0.0,3.0999999999999996,23.387283236994215,0.24
2023-11-12 00:00:00,0,True,1,96.33,-0.3,2.9,23.502890173410403,0.01
2023-11-12 00:30:00,0,True,1,96.94,-0.2,2.95,23.468208092485547,0.02
2023-11-12 01:00:00,1,True,1,97.55,-0.1,3.0,23.43352601156069,0.03
2023-11-12 01:30:00,1,True,1,97.985,-0.35,2.95,23.502890173410403,0.03
2023-11-12 02:00:00,2,True,1,98.42,-0.6,2.9,23.57225433526012,0.04
2023-11-12 02:30:00,2,True,1,98.64,-0.35,2.9,23.514450867052023,0.05
2023-11-12 03:00:00,3,True,1,98.86,-0.1,2.9,23.45664739884393,0.05
2023-11-12 03:30:00,3,True,1,98.925,-0.2,3.0,23.45664739884393,0.04
2023-11-12 04:00:00,4,True,1,98.99,-0.3,3.1,23.45664739884393,0.04
2023-11-12 04:30:00,4,True,1,99.19,-0.3,2.95,23.491329479768787,0.03
2023-11-12 05:00:00,5,False,1,99.39,-0.3,2.8,23.52601156069364,0.3
2023-11-12 05:30:00,5,False,1,99.495,-0.6000000000000001,2.8499999999999996,23.58381502890173,1.68
2023-11-12 06:00:00,6,False,5,99.6,-0.9,2.9,23.641618497109825,0.35
2023-11-12 06:30:00,6,False,5,99.57,-0.6,2.95,23.560693641618496,0.38
2023-11-12 07:00:00,7,False,5,99.54,-0.3,3.0,23.479768786127167,0.4
2023-11-12 07:30:00,7,False,5,99.305,-0.15,3.2,23.39884393063584,0.39
2023-11-12 08:00:00,8,False,5,99.07,0.0,3.4,23.31791907514451,0.38
2023-11-12 08:30:00,8,False,5,98.87,-0.1,3.5,23.31791907514451,0.36
2023-11-12 09:00:00,9,False,4,98.67,-0.2,3.6,23.31791907514451,0.05
2023-11-12 09:30:00,9,False,4,98.525,0.10000000000000003,3.8,23.202312138728324,0.11
2023-11-12 10:00:00,10,False,4,98.38,0.4,4.0,23.08670520231214,0.18
2023-11-12 10:30:00,10,False,4,98.66999999999999,0.35,4.15,23.063583815028903,0.24
2023-11-12 11:00:00,11,False,4,98.96,0.3,4.3,23.040462427745663,0.3
2023-11-12 11:30:00,11,False,4,99.03999999999999,0.44999999999999996,4.4,22.98265895953757,0.27
2023-11-12 12:00:00,12,False,0,99.12,0.6,4.5,22.92485549132948,0.24
2023-11-12 12:30:00,12,False,0,98.795,0.95,4.65,22.809248554913296,0.21
2023-11-12 13:00:00,13,False,0,98.47,1.3,4.8,22.69364161849711,0.4
2023-11-12 13:30:00,13,False,0,98.17,1.25,4.949999999999999,22.67052023121387,0.45
2023-11-12 14:00:00,14,False,0,97.87,1.2,5.1,22.647398843930635,0.5
2023-11-12 14:30:00,14,False,0,97.93,1.15,5.199999999999999,22.63583815028902,1.6
2023-11-12 15:00:00,15,False,3,97.99,1.1,5.3,22.6242774566474,0.6
2023-11-12 15:30:00,15,False,3,98.14,1.15,5.35,22.60115606936416,0.57
2023-11-12 16:00:00,16,False,3,98.29,1.2,5.4,22.57803468208093,0.55
2023-11-12 16:30:00,16,False,3,98.55000000000001,1.35,5.5,22.520231213872837,0.52
2023-11-12 17:00:00,17,False,3,98.81,1.5,5.6,22.46242774566474,0.6
2023-11-12 17:30:00,17,False,3,99.095,1.7,5.699999999999999,22.393063583815028,0.68
2023-11-12 18:00:00,18,False,2,99.38,1.9,5.8,22.32369942196532,0.76
2023-11-12 18:30:00,18,False,2,99.32,2.25,5.949999999999999,22.20809248554913,3.03
2023-11-12 19:00:00,19,False,2,99.26,2.6,6.1,22.09248554913295,0.92
2023-11-12 19:30:00,19,False,2,99.215,3.1500000000000004,6.3,21.91907514450867,1.0
2023-11-12 20:00:00,20,False,2,99.17,3.7,6.5,21.745664739884397,0.96
2023-11-12 20:30:00,20,False,2,99.28,4.15,6.7,21.595375722543352,0.92
2023-11-12 21:00:00,21,False,6,99.39,4.6,6.9,21.44508670520231,0.88
2023-11-12 21:30:00,21,False,6,99.36,4.85,7.050000000000001,21.35260115606936,0.84
2023-11-12 22:00:00,22,False,6,99.33,5.1,7.2,21.260115606936417,0.05
2023-11-12 22:30:00,22,False,6,99.235,5.15,7.25,21.236994219653177,3.36
2023-11-12 23:00:00,23,False,6,99.14,5.2,7.3,21.21387283236994,0.3
2023-11-12 23:30:00,23,False,6,99.185,5.15,7.25,21.236994219653177,0.24
2023-11-13 00:00:00,0,True,1,99.23,5.1,7.2,21.260115606936417,0.01
2023-11-13 00:30:00,0,True,1,98.995,5.3,7.550000000000001,21.13294797687861,0.02
2023-11-13 01:00:00,1,True,1,98.76,5.5,7.9,21.005780346820806,0.03
2023-11-13 01:30:00,1,True,1,97.70500000000001,5.5,7.85,21.017341040462423,0.03
2023-11-13 02:00:00,2,True,1,96.65,5.5,7.8,21.028901734104046,0.04
2023-11-13 02:30:00,2,True,1,96.78,5.25,7.8,21.08670520231214,0.12
2023-11-13 03:00:00,3,True,1,96.91,5.0,7.8,21.14450867052023,0.05
2023-11-13 03:30:00,3,True,1,97.775,4.9,7.9,21.14450867052023,0.04
2023-11-13 04:00:00,4,True,1,98.64,4.8,8.0,21.14450867052023,0.04
2023-11-13 04:30:00,4,True,1,98.67,4.5,7.95,21.22543352601156,0.03
2023-11-13 05:00:00,5,False,1,98.7,4.2,7.9,21.30635838150289,0.3
2023-11-13 05:30:00,5,False,1,97.765,3.8,7.9,21.39884393063584,0.32
2023-11-13 06:00:00,6,False,5,96.83,3.4,7.9,21.491329479768787,0.35
2023-11-13 06:30:00,6,False,5,97.32,3.15,7.800000000000001,21.57225433526012,0.38
2023-11-13 07:00:00,7,False,5,97.81,2.9,7.7,21.653179190751445,1.74
2023-11-13 07:30:00,7,False,5,97.98,3.6500000000000004,8.05,21.39884393063584,0.39
2023-11-13 08:00:00,8,False,5,98.15,4.4,8.4,21.14450867052023,0.38
2023-11-13 08:30:00,8,False,5,96.83000000000001,7.3,9.3,20.265895953757223,0.36
2023-11-13 09:00:00,9,False,4,95.51,10.2,10.2,19.387283236994215,0.05
2023-11-13 09:30:00,9,False,4,86.19,10.55,10.55,19.22543352601156,0.11
2023-11-13 10:00:00,10,False,4,76.87,10.9,10.9,19.0635838150289,0.18
2023-11-13 10:30:00,10,False,4,76.385,10.8,10.8,19.10982658959537,0.24
2023-11-13 11:00:00,11,False,4,75.9,10.7,10.7,19.156069364161848,0.3
2023-11-13 11:30:00,11,False,4,73.73,10.75,10.75,19.13294797687861,0.27
2023-11-13 12:00:00,12,False,0,71.56,10.8,10.8,19.10982658959537,0.24
2023-11-13 12:30:00,12,False,0,71.55000000000001,10.75,10.75,19.13294797687861,0.21
2023-11-13 13:00:00,13,False,0,71.54,10.7,10.7,19.156069364161848,0.4
2023-11-13 13:30:00,13,False,0,72.30000000000001,10.6,10.6,19.202312138728324,2.43
2023-11-13 14:00:00,14,False,0,73.06,10.5,10.5,19.2485549132948,0.5
2023-11-13 14:30:00,14,False,0,71.785,10.6,10.6,19.202312138728324,0.55
2023-11-13 15:00:00,15,False,3,70.51,10.7,10.7,19.156069364161848,0.6
2023-11-13 15:30:00,15,False,3,73.245,10.35,10.35,19.31791907514451,0.57
2023-11-13 16:00:00,16,False,3,75.98,10.0,10.0,19.479768786127167,0.55
2023-11-13 16:30:00,16,False,3,78.875,7.55,9.8,20.092485549132945,0.52
2023-11-13 17:00:00,17,False,3,81.77,5.1,9.6,20.705202312138727,0.6
2023-11-13 17:30:00,17,False,3,81.87,5.35,9.7,20.6242774566474,0.68
2023-11-13 18:00:00,18,False,2,81.97,5.6,9.8,20.54335260115607,0.76
2023-11-13 18:30:00,18,False,2,82.12,7.8,9.9,20.01156069364162,0.84
2023-11-13 19:00:00,19,False,2,82.27,10.0,10.0,19.479768786127167,0.92
2023-11-13 19:30:00,19,False,2,84.08,7.8,9.85,20.02312138728324,1.0
2023-11-13 20:00:00,20,False,2,85.89,5.6,9.7,20.566473988439306,0.96
2023-11-13 20:30:00,20,False,2,88.745,5.4,9.5,20.65895953757225,0.92
2023-11-13 21:00:00,21,False,6,91.6,5.2,9.3,20.751445086705203,3.49
2023-11-13 21:30:00,21,False,6,91.685,5.5,9.4,20.65895953757225,0.84
2023-11-13 22:00:00,22,False,6,91.77,5.8,9.5,20.566473988439306,0.05
2023-11-13 22:30:00,22,False,6,91.37,5.9,9.5,20.54335260115607,0.18
2023-11-13 23:00:00,23,False,6,90.97,6.0,9.5,20.520231213872837,0.3
2023-11-13 23:30:00,23,False,6,90.67,6.0,9.45,20.53179190751445,0.24
2023-11-14 00:00:00,0,True,1,90.37,6.0,9.4,20.54335260115607,0.1
2023-11-14 00:30:00,0,True,1,89.78999999999999,6.05,9.350000000000001,20.54335260115607,0.02
2023-11-14 01:00:00,1,True,1,89.21,6.1,9.3,20.54335260115607,0.03
2023-11-14 01:30:00,1,True,1,88.425,6.199999999999999,9.45,20.485549132947977,0.03
2023-11-14 02:00:00,2,True,1,87.64,6.3,9.6,20.427745664739884,0.04
2023-11-14 02:30:00,2,True,1,88.095,6.35,9.5,20.4393063583815,0.05
2023-11-14 03:00:00,3,True,1,88.55,6.4,9.4,20.45086705202312,0.05
2023-11-14 03:30:00,3,True,1,89.405,6.35,9.25,20.497109826589597,0.04
2023-11-14 04:00:00,4,True,1,90.26,6.3,9.1,20.54335260115607,0.13
2023-11-14 04:30:00,4,True,1,90.035,6.199999999999999,9.05,20.57803468208093,0.03
2023-11-14 05:00:00,5,False,1,89.81,6.1,9.0,20.61271676300578,1.36
2023-11-14 05:30:00,5,False,1,90.535,5.8,8.85,20.716763005780347,0.32
2023-11-14 06:00:00,6,False,5,91.26,5.5,8.7,20.820809248554912,0.35
2023-11-14 06:30:00,6,False,5,91.555,5.65,8.649999999999999,20.79768786127168,0.38
2023-11-14 07:00:00,7,False,5,91.85,5.8,8.6,20.77456647398844,1.99
2023-11-14 07:30:00,7,False,5,92.285,5.65,8.6,20.809248554913296,0.39
2023-11-14 08:00:00,8,False,5,92.72,5.5,8.6,20.84393063583815,0.38
2023-11-14 08:30:00,8,False,5,93.14,5.55,8.55,20.84393063583815,0.36
2023-11-14 09:00:00,9,False,4,93.56,5.6,8.5,20.84393063583815,0.05
2023-11-14 09:30:00,9,False,4,94.13,6.1,8.65,20.69364161849711,0.11
2023-11-14 10:00:00,10,False,4,94.7,6.6,8.8,20.54335260115607,0.18
2023-11-14 10:30:00,10,False,4,93.515,7.0,9.15,20.36994219653179,0.97
2023-11-14 11:00:00,11,False,4,92.33,7.4,9.5,20.196531791907518,0.3
2023-11-14 11:30:00,11,False,4,92.24000000000001,7.5,9.55,20.161849710982658,0.27
2023-11-14 12:00:00,12,False,0,92.15,7.6,9.6,20.1271676300578,0.24
2023-11-14 12:30:00,12,False,0,91.055,8.85,9.85,19.78034682080925,0.21
2023-11-14 13:00:00,13,False,0,89.96,10.1,10.1,19.43352601156069,0.4
2023-11-14 13:30:00,13,False,0,90.19999999999999,8.85,10.05,19.734104046242773,1.57
2023-11-14 14:00:00,14,False,0,90.44,7.6,10.0,20.034682080924853,1.4
2023-11-14 14:30:00,14,False,0,90.78,7.55,9.9,20.069364161849716,0.55
2023-11-14 15:00:00,15,False,3,91.12,7.5,9.8,20.104046242774565,0.6
2023-11-14 15:30:00,15,False,3,92.0,7.1,9.600000000000001,20.242774566473987,2.06
2023-11-14 16:00:00,16,False,3,92.88,6.7,9.4,20.381502890173408,0.55
2023-11-14 16:30:00,16,False,3,91.925,6.35,9.25,20.497109826589597,0.52
2023-11-14 17:00:00,17,False,3,90.97,6.0,9.1,20.61271676300578,0.6
2023-11-14 17:30:00,17,False,3,91.16,5.8,9.05,20.67052023121387,0.68
2023-11-14 18:00:00,18,False,2,91.35,5.6,9.0,20.728323699421964,0.76
2023-11-14 18:30:00,18,False,2,92.47999999999999,5.55,8.85,20.77456647398844,0.84
2023-11-14 19:00:00,19,False,2,93.61,5.5,8.7,20.820809248554912,0.92
2023-11-14 19:30:00,19,False,2,94.33,5.55,8.6,20.83236994219653,1.0
2023-11-14 20:00:00,20,False,2,95.05,5.6,8.5,20.84393063583815,0.96
2023-11-14 20:30:00,20,False,2,90.3,6.199999999999999,8.95,20.60115606936416,0.92
2023-11-14 21:00:00,21,False,6,85.55,6.8,9.4,20.35838150289017,0.88
2023-11-14 21:30:00,21,False,6,90.13,6.05,9.0,20.6242774566474,0.84
2023-11-14 22:00:00,22,False,6,94.71,5.3,8.6,20.890173410404625,0.05
2023-11-14 22:30:00,22,False,6,93.535,5.35,8.55,20.89017341040462,3.35
2023-11-14 23:00:00,23,False,6,92.36,5.4,8.5,20.89017341040462,0.3
2023-11-14 23:30:00,23,False,6,92.47,5.2,8.4,20.95953757225433,0.24
2023-11-15 00:00:00,0,True,1,92.58,5.0,8.3,21.028901734104046,0.01
2023-11-15 00:30:00,0,True,1,92.03,5.05,8.350000000000001,21.005780346820806,0.02
2023-11-15 01:00:00,1,True,1,91.48,5.1,8.4,20.982658959537574,0.03
2023-11-15 01:30:00,1,True,1,91.43,4.9,8.4,21.028901734104046,0.03
2023-11-15 02:00:00,2,True,1,91.38,4.7,8.4,21.07514450867052,0.14
2023-11-15 02:30:00,2,True,1,91.305,4.550000000000001,8.3,21.13294797687861,0.05
2023-11-15 03:00:00,3,True,1,91.23,4.4,8.2,21.190751445086704,0.05
2023-11-15 03:30:00,3,True,1,91.63,4.25,8.1,21.2485549132948,0.04
2023-11-15 04:00:00,4,True,1,92.03,4.1,8.0,21.30635838150289,0.04
2023-11-15 04:30:00,4,True,1,91.015,3.9499999999999997,7.95,21.35260115606936,0.03
2023-11-15 05:00:00,5,False,1,90.0,3.8,7.9,21.39884393063584,0.3
2023-11-15 05:30:00,5,False,1,90.81,3.7,7.75,21.45664739884393,0.32
2023-11-15 06:00:00,6,False,5,91.62,3.6,7.6,21.514450867052023,0.35
2023-11-15 06:30:00,6,False,5,90.64500000000001,3.5,7.6,21.53757225433526,0.38
2023-11-15 07:00:00,7,False,5,89.67,3.4,7.6,21.560693641618496,0.4
2023-11-15 07:30:00,7,False,5,88.39,3.8,7.6,21.468208092485547,0.39
2023-11-15 08:00:00,8,False,5,87.11,4.2,7.6,21.3757225433526,0.38
2023-11-15 08:30:00,8,False,5,88.93,3.75,7.6,21.479768786127167,0.36
2023-11-15 09:00:00,9,False,4,90.75,3.3,7.6,21.58381502890173,0.05
2023-11-15 09:30:00,9,False,4,90.28999999999999,3.45,7.75,21.514450867052023,0.11
2023-11-15 10:00:00,10,False,4,89.83,3.6,7.9,21.44508670520231,0.18
2023-11-15 10:30:00,10,False,4,89.05,3.8499999999999996,8.05,21.35260115606936,0.24
2023-11-15 11:00:00,11,False,4,88.27,4.1,8.2,21.260115606936417,0.3
2023-11-15 11:30:00,11,False,4,85.66,4.35,8.05,21.236994219653177,0.27
2023-11-15 12:00:00,12,False,0,83.05,4.6,7.9,21.21387283236994,0.24
2023-11-15 12:30:00,12,False,0,83.8,4.5,8.2,21.167630057803468,0.21
2023-11-15 13:00:00,13,False,0,84.55,4.4,8.5,21.12138728323699,0.4
2023-11-15 13:30:00,13,False,0,84.43,4.550000000000001,8.5,21.08670520231214,0.45
2023-11-15 14:00:00,14,False,0,84.31,4.7,8.5,21.052023121387283,1.29
2023-11-15 14:30:00,14,False,0,84.63499999999999,4.6,8.3,21.12138728323699,0.55
2023-11-15 15:00:00,15,False,3,84.96,4.5,8.1,21.190751445086704,0.6
2023-11-15 15:30:00,15,False,3,86.12,4.45,8.0,21.22543352601156,0.57
2023-11-15 16:00:00,16,False,3,87.28,4.4,7.9,21.260115606936417,0.55
2023-11-15 16:30:00,16,False,3,87.83,4.15,7.75,21.35260115606936,0.52
2023-11-15 17:00:00,17,False,3,88.38,3.9,7.6,21.44508670520231,0.6
2023-11-15 17:30:00,17,False,3,89.3,3.95,7.6,21.43352601156069,0.68
2023-11-15 18:00:00,18,False,2,90.22,4.0,7.6,21.421965317919074,0.76
2023-11-15 18:30:00,18,False,2,91.41,4.0,7.449999999999999,21.45664739884393,0.84
2023-11-15 19:00:00,19,False,2,92.6,4.0,7.3,21.491329479768787,0.92
2023-11-15 19:30:00,19,False,2,92.525,4.05,7.199999999999999,21.502890173410403,1.0
2023-11-15 20:00:00,20,False,2,92.45,4.1,7.1,21.514450867052023,0.96
2023-11-15 20:30:00,20,False,2,92.27000000000001,4.0,7.05,21.54913294797688,0.92
2023-11-15 21:00:00,21,False,6,92.09,3.9,7.0,21.58381502890173,0.88
2023-11-15 21:30:00,21,False,6,92.19,3.8499999999999996,6.85,21.63005780346821,3.41
2023-11-15 22:00:00,22,False,6,92.29,3.8,6.7,21.67630057803468,0.05
2023-11-15 22:30:00,22,False,6,92.36500000000001,3.75,6.45,21.745664739884397,0.18
2023-11-15 23:00:00,23,False,6,92.44,3.7,6.2,21.815028901734102,0.3
2023-11-15 23:30:00,23,False,6,93.065,3.3,5.95,21.965317919075144,0.24
2023-11-16 00:00:00,0,True,1,93.69,2.9,5.7,22.115606936416185,0.01
2023-11-16 00:30:00,0,True,1,94.32499999999999,2.75,5.4,22.21965317919075,0.15
2023-11-16 01:00:00,1,True,1,94.96,2.6,5.1,22.32369942196532,0.03
2023-11-16 01:30:00,1,True,1,94.735,2.9000000000000004,5.1,22.254335260115607,0.03
2023-11-16 02:00:00,2,True,1,94.51,3.2,5.1,22.18497109826589,0.04
2023-11-16 02:30:00,2,True,1,94.77000000000001,3.35,4.9,22.196531791907518,0.05
2023-11-16 03:00:00,3,True,1,95.03,3.5,4.7,22.20809248554913,0.05
2023-11-16 03:30:00,3,True,1,96.17,3.6,4.75,22.17341040462428,0.04
2023-11-16 04:00:00,4,True,1,97.31,3.7,4.8,22.13872832369942,0.04
2023-11-16 04:30:00,4,True,1,97.58500000000001,3.3,4.85,22.21965317919075,0.03
2023-11-16 05:00:00,5,False,1,97.86,2.9,4.9,22.30057803468208,1.56
2023-11-16 05:30:00,5,False,1,97.95,3.2,5.0,22.20809248554913,0.32
2023-11-16 06:00:00,6,False,5,98.04,3.5,5.1,22.115606936416185,0.35
2023-11-16 06:30:00,6,False,5,97.975,3.4,5.199999999999999,22.115606936416185,0.38
2023-11-16 07:00:00,7,False,5,97.91,3.3,5.3,22.115606936416185,2.26
2023-11-16 07:30:00,7,False,5,98.10499999999999,2.95,5.199999999999999,22.21965317919075,1.14
2023-11-16 08:00:00,8,False,5,98.3,2.6,5.1,22.32369942196532,0.38
2023-11-16 08:30:00,8,False,5,98.475,2.7,5.199999999999999,22.277456647398843,0.36
2023-11-16 09:00:00,9,False,4,98.65,2.8,5.3,22.23121387283237,0.83
2023-11-16 09:30:00,9,False,4,98.625,3.15,5.4,22.1271676300578,0.11
2023-11-16 10:00:00,10,False,4,98.6,3.5,5.5,22.02312138728324,0.18
2023-11-16 10:30:00,10,False,4,98.445,3.8,5.65,21.91907514450867,0.24
2023-11-16 11:00:00,11,False,4,98.29,4.1,5.8,21.815028901734102,0.3
2023-11-16 11:30:00,11,False,4,98.26,4.1,5.949999999999999,21.78034682080925,0.27
2023-11-16 12:00:00,12,False,0,98.23,4.1,6.1,21.745664739884397,0.24
2023-11-16 12:30:00,12,False,0,97.525,5.25,6.25,21.44508670520231,0.45
2023-11-16 13:00:00,13,False,0,96.82,6.4,6.4,21.14450867052023,0.4
2023-11-16 13:30:00,13,False,0,96.1,6.550000000000001,6.550000000000001,21.07514450867052,0.45
2023-11-16 14:00:00,14,False,0,95.38,6.7,6.7,21.005780346820806,0.5
2023-11-16 14:30:00,14,False,0,94.82499999999999,6.75,6.75,20.982658959537574,0.55
2023-11-16 15:00:00,15,False,3,94.27,6.8,6.8,20.95953757225433,0.6
2023-11-16 15:30:00,15,False,3,94.36,6.65,6.65,21.028901734104046,0.57
2023-11-16 16:00:00,16,False,3,94.45,6.5,6.5,21.09826589595376,0.55
2023-11-16 16:30:00,16,False,3,94.97,5.85,6.3,21.29479768786127,0.52
2023-11-16 17:00:00,17,False,3,95.49,5.2,6.1,21.491329479768787,0.6
2023-11-16 17:30:00,17,False,3,95.565,4.9,5.9,21.60693641618497,0.68
2023-11-16 18:00:00,18,False,2,95.64,4.6,5.7,21.72254335260116,0.76
2023-11-16 18:30:00,18,False,2,95.59,4.65,5.7,21.710982658959537,0.84
2023-11-16 19:00:00,19,False,2,95.54,4.7,5.7,21.69942196531792,0.92
2023-11-16 19:30:00,19,False,2,95.76,4.5,5.550000000000001,21.78034682080925,1.0
2023-11-16 20:00:00,20,False,2,95.98,4.3,5.4,21.86127167630058,0.96
2023-11-16 20:30:00,20,False,2,95.265,3.95,5.45,21.930635838150287,0.92
2023-11-16 21:00:00,21,False,6,94.55,3.6,5.5,22.0,0.88
2023-11-16 21:30:00,21,False,6,93.63,3.75,5.65,21.930635838150287,0.84
2023-11-16 22:00:00,22,False,6,92.71,3.9,5.8,21.86127167630058,0.05
2023-11-16 22:30:00,22,False,6,92.66499999999999,3.95,5.699999999999999,21.872832369942195,0.18
2023-11-16 23:00:00,23,False,6,92.62,4.0,5.6,21.88439306358381,0.3
2023-11-16 23:30:00,23,False,6,93.4,2.95,5.449999999999999,22.161849710982658,0.24
2023-11-17 00:00:00,0,True,1,94.18,1.9,5.3,22.4393063583815,0.01
2023-11-17 00:30:00,0,True,1,94.005,2.15,5.199999999999999,22.404624277456648,0.02
2023-11-17 01:00:00,1,True,1,93.83,2.4,5.1,22.36994219653179,0.03
2023-11-17 01:30:00,1,True,1,94.19999999999999,2.55,5.15,22.32369942196532,0.11
2023-11-17 02:00:00,2,True,1,94.57,2.7,5.2,22.277456647398843,0.04
2023-11-17 02:30:00,2,True,1,95.47,2.45,5.15,22.346820809248555,0.05
2023-11-17 03:00:00,3,True,1,96.37,2.2,5.1,22.416184971098264,0.1
2023-11-17 03:30:00,3,True,1,96.05000000000001,1.9000000000000001,5.0,22.508670520231213,0.04
2023-11-17 04:00:00,4,True,1,95.73,1.6,4.9,22.60115606936416,0.04
2023-11-17 04:30:00,4,True,1,95.555,1.3,4.75,22.705202312138727,0.03
2023-11-17 05:00:00,5,False,1,95.38,1.0,4.6,22.809248554913296,0.3
2023-11-17 05:30:00,5,False,1,95.61,1.05,4.449999999999999,22.83236994219653,0.32
2023-11-17 06:00:00,6,False,5,95.84,1.1,4.3,22.85549132947977,0.35
2023-11-17 06:30:00,6,False,5,95.61500000000001,1.4500000000000002,4.05,22.83236994219653,0.38
2023-11-17 07:00:00,7,False,5,95.39,1.8,3.8,22.809248554913296,0.4
2023-11-17 07:30:00,7,False,5,95.66,1.35,3.8499999999999996,22.90173410404624,0.39
2023-11-17 08:00:00,8,False,5,95.93,0.9,3.9,22.99421965317919,0.38
2023-11-17 08:30:00,8,False,5,94.61500000000001,1.7000000000000002,4.2,22.739884393063583,0.36
2023-11-17 09:00:00,9,False,4,93.3,2.5,4.5,22.485549132947977,0.95
2023-11-17 09:30:00,9,False,4,91.89,3.45,5.05,22.13872832369942,0.11
2023-11-17 10:00:00,10,False,4,90.48,4.4,5.6,21.791907514450862,0.18
2023-11-17 10:30:00,10,False,4,87.245,5.15,6.4,21.43352601156069,0.24
2023-11-17 11:00:00,11,False,4,84.01,5.9,7.2,21.07514450867052,0.3
2023-11-17 11:30:00,11,False,4,82.98,5.75,7.5,21.040462427745663,0.27
2023-11-17 12:00:00,12,False,0,81.95,5.6,7.8,21.00578034682081,0.24
2023-11-17 12:30:00,12,False,0,80.14,6.15,8.05,20.820809248554912,0.21
2023-11-17 13:00:00,13,False,0,78.33,6.7,8.3,20.63583815028902,0.4
2023-11-17 13:30:00,13,False,0,78.84,6.5,8.25,20.69364161849711,0.45
2023-11-17 14:00:00,14,False,0,79.35,6.3,8.2,20.751445086705203,0.5
2023-11-17 14:30:00,14,False,0,81.41,6.05,7.75,20.91329479768786,1.43
2023-11-17 15:00:00,15,False,3,83.47,5.8,7.3,21.07514450867052,0.6
2023-11-17 15:30:00,15,False,3,85.32,5.3,7.0,21.260115606936417,0.57
2023-11-17 16:00:00,16,False,3,87.17,4.8,6.7,21.44508670520231,0.55
2023-11-17 16:30:00,16,False,3,88.73,4.6,6.45,21.54913294797688,2.06
2023-11-17 17:00:00,17,False,3,90.29,4.4,6.2,21.653179190751445,0.6
2023-11-17 17:30:00,17,False,3,90.76,4.2,6.2,21.69942196531792,0.68
2023-11-17 18:00:00,18,False,2,91.23,4.0,6.2,21.745664739884397,0.76
2023-11-17 18:30:00,18,False,2,90.975,4.0,6.25,21.734104046242773,0.84
2023-11-17 19:00:00,19,False,2,90.72,4.0,6.3,21.72254335260116,0.92
2023-11-17 19:30:00,19,False,2,90.86,3.9,6.3,21.745664739884397,1.0
2023-11-17 20:00:00,20,False,2,91.0,3.8,6.3,21.76878612716763,0.96
2023-11-17 20:30:00,20,False,2,90.78,3.65,6.25,21.815028901734102,0.92
2023-11-17 21:00:00,21,False,6,90.56,3.5,6.2,21.86127167630058,0.88
2023-11-17 21:30:00,21,False,6,90.58,3.4,6.300000000000001,21.86127167630058,0.84
2023-11-17 22:00:00,22,False,6,90.6,3.3,6.4,21.86127167630058,0.05
2023-11-17 22:30:00,22,False,6,91.83,3.3,6.35,21.872832369942195,0.18
2023-11-17 23:00:00,23,False,6,93.06,3.3,6.3,21.88439306358381,0.3
2023-11-17 23:30:00,23,False,6,94.62,3.3,6.3,21.88439306358381,0.24
2023-11-18 00:00:00,0,True,1,96.18,3.3,6.3,21.88439306358381,0.01
2023-11-18 00:30:00,0,True,1,96.33500000000001,2.95,6.25,21.976878612716764,0.02
2023-11-18 01:00:00,1,True,1,96.49,2.6,6.2,22.06936416184971,0.03
2023-11-18 01:30:00,1,True,1,97.03999999999999,2.2,6.15,22.17341040462428,0.03
2023-11-18 02:00:00,2,True,1,97.59,1.8,6.1,22.277456647398843,0.04
2023-11-18 02:30:00,2,True,1,98.11,1.65,6.05,22.32369942196532,0.05
2023-11-18 03:00:00,3,True,1,98.63,1.5,6.0,22.36994219653179,0.05
2023-11-18 03:30:00,3,True,1,98.685,1.5,6.05,22.35838150289017,0.04
2023-11-18 04:00:00,4,True,1,98.74,1.5,6.1,22.346820809248555,0.04
2023-11-18 04:30:00,4,True,1,98.74,1.85,6.25,22.23121387283237,0.03
2023-11-18 05:00:00,5,False,1,98.74,2.2,6.4,22.115606936416185,0.3
2023-11-18 05:30:00,5,False,1,98.745,2.6,6.7,21.953757225433527,0.32
2023-11-18 06:00:00,6,False,5,98.75,3.0,7.0,21.791907514450862,0.35
2023-11-18 06:30:00,6,False,5,98.06,3.9,7.6,21.44508670520231,1.71
2023-11-18 07:00:00,7,False,5,97.37,4.8,8.2,21.09826589595376,0.4
2023-11-18 07:30:00,7,False,5,97.86500000000001,5.6,8.75,20.786127167630056,1.08
2023-11-18 08:00:00,8,False,5,98.36,6.4,9.3,20.47398843930636,0.38
2023-11-18 08:30:00,8,False,5,97.37,8.7,10.15,19.74566473988439,0.36
2023-11-18 09:00:00,9,False,4,96.38,11.0,11.0,19.017341040462423,0.05
2023-11-18 09:30:00,9,False,4,96.04499999999999,11.3,11.3,18.878612716763005,0.11
2023-11-18 10:00:00,10,False,4,95.71,11.6,11.6,18.739884393063583,0.18
2023-11-18 10:30:00,10,False,4,95.31,11.85,11.85,18.6242774566474,0.24
2023-11-18 11:00:00,11,False,4,94.91,12.1,12.1,18.508670520231213,0.3
2023-11-18 11:30:00,11,False,4,93.34,12.45,12.45,18.346820809248555,0.27
2023-11-18 12:00:00,12,False,0,91.77,12.8,12.8,18.18497109826589,0.33
2023-11-18 12:30:00,12,False,0,91.00999999999999,13.0,13.0,18.092485549132945,0.21
2023-11-18 13:00:00,13,False,0,90.25,13.2,13.2,18.0,0.4
2023-11-18 13:30:00,13,False,0,89.955,13.05,13.05,18.069364161849716,0.45
2023-11-18 14:00:00,14,False,0,89.66,12.9,12.9,18.13872832369942,0.5
2023-11-18 14:30:00,14,False,0,90.365,12.75,12.75,18.20809248554913,0.55
2023-11-18 15:00:00,15,False,3,91.07,12.6,12.6,18.277456647398843,1.6
2023-11-18 15:30:00,15,False,3,87.75,12.6,12.6,18.277456647398843,0.57
2023-11-18 16:00:00,16,False,3,84.43,12.6,12.6,18.277456647398843,0.55
2023-11-18 16:30:00,16,False,3,84.44,12.399999999999999,12.399999999999999,18.36994219653179,0.52
2023-11-18 17:00:00,17,False,3,84.45,12.2,12.2,18.46242774566474,3.18
2023-11-18 17:30:00,17,False,3,85.06,12.0,12.0,18.55491329479769,0.68
2023-11-18 18:00:00,18,False,2,85.67,11.8,11.8,18.647398843930635,0.76
2023-11-18 18:30:00,18,False,2,85.36,11.65,11.65,18.716763005780344,0.84
2023-11-18 19:00:00,19,False,2,85.05,11.5,11.5,18.786127167630056,0.92
2023-11-18 19:30:00,19,False,2,85.175,11.3,11.3,18.878612716763005,1.0
2023-11-18 20:00:00,20,False,2,85.3,11.1,11.1,18.971098265895957,3.24
2023-11-18 20:30:00,20,False,2,85.8,11.0,11.0,19.017341040462423,3.36
2023-11-18 21:00:00,21,False,6,86.3,10.9,10.9,19.0635838150289,0.88
2023-11-18 21:30:00,21,False,6,85.96000000000001,10.75,10.75,19.13294797687861,0.84
2023-11-18 22:00:00,22,False,6,85.62,10.6,10.6,19.202312138728324,0.05
2023-11-18 22:30:00,22,False,6,85.21000000000001,10.55,10.55,19.22543352601156,0.18
2023-11-18 23:00:00,23,False,6,84.8,10.5,10.5,19.2485549132948,0.3
2023-11-18 23:30:00,23,False,6,84.58,10.4,10.4,19.29479768786127,0.24
2023-11-19 00:00:00,0,True,1,84.36,10.3,10.3,19.341040462427745,0.14
2023-11-19 00:30:00,0,True,1,84.08,10.3,10.3,19.341040462427745,0.15
2023-11-19 01:00:00,1,True,1,83.8,10.3,10.3,19.341040462427745,0.12
2023-11-19 01:30:00,1,True,1,84.44999999999999,10.2,10.2,19.387283236994215,0.03
2023-11-19 02:00:00,2,True,1,85.1,10.1,10.1,19.43352601156069,0.04
2023-11-19 02:30:00,2,True,1,85.475,10.1,10.1,19.43352601156069,0.05
2023-11-19 03:00:00,3,True,1,85.85,10.1,10.1,19.43352601156069,0.05
2023-11-19 03:30:00,3,True,1,86.755,8.4,9.95,19.86127167630057,0.04
2023-11-19 04:00:00,4,True,1,87.66,6.7,9.8,20.289017341040463,0.04
2023-11-19 04:30:00,4,True,1,88.11,6.6,9.75,20.32369942196532,0.03
2023-11-19 05:00:00,5,False,1,88.56,6.5,9.7,20.35838150289017,0.3
2023-11-19 05:30:00,5,False,1,88.495,6.5,9.649999999999999,20.36994219653179,0.32
2023-11-19 06:00:00,6,False,5,88.43,6.5,9.6,20.381502890173408,0.35
2023-11-19 06:30:00,6,False,5,89.45500000000001,6.4,9.55,20.416184971098264,0.38
2023-11-19 07:00:00,7,False,5,90.48,6.3,9.5,20.45086705202312,0.4
2023-11-19 07:30:00,7,False,5,90.345,6.449999999999999,9.6,20.393063583815028,0.39
2023-11-19 08:00:00,8,False,5,90.21,6.6,9.7,20.335260115606932,0.38
2023-11-19 08:30:00,8,False,5,90.185,6.65,9.8,20.30057803468208,0.36
2023-11-19 09:00:00,9,False,4,90.16,6.7,9.9,20.265895953757223,0.05
2023-11-19 09:30:00,9,False,4,90.705,8.45,10.05,19.82658959537572,0.11
2023-11-19 10:00:00,10,False,4,91.25,10.2,10.2,19.387283236994215,0.18
2023-11-19 10:30:00,10,False,4,91.72999999999999,10.25,10.25,19.36416184971098,0.24
2023-11-19 11:00:00,11,False,4,92.21,10.3,10.3,19.341040462427745,0.3
2023-11-19 11:30:00,11,False,4,92.51499999999999,10.5,10.5,19.2485549132948,0.27
2023-11-19 12:00:00,12,False,0,92.82,10.7,10.7,19.156069364161848,0.24
2023-11-19 12:30:00,12,False,0,93.84,10.8,10.8,19.10982658959537,0.21
2023-11-19 13:00:00,13,False,0,94.86,10.9,10.9,19.0635838150289,0.4
2023-11-19 13:30:00,13,False,0,95.22999999999999,11.100000000000001,11.100000000000001,18.971098265895957,0.45
2023-11-19 14:00:00,14,False,0,95.6,11.3,11.3,18.878612716763005,0.5
2023-11-19 14:30:00,14,False,0,95.96,11.3,11.3,18.878612716763005,0.55
2023-11-19 15:00:00,15,False,3,96.32,11.3,11.3,18.878612716763005,0.6
2023-11-19 15:30:00,15,False,3,95.225,11.25,11.25,18.90173410404624,0.57
2023-11-19 16:00:00,16,False,3,94.13,11.2,11.2,18.92485549132948,1.82
2023-11-19 16:30:00,16,False,3,94.22999999999999,11.05,11.05,18.99421965317919,0.52
2023-11-19 17:00:00,17,False,3,94.33,10.9,10.9,19.0635838150289,0.6
2023-11-19 17:30:00,17,False,3,94.8,10.8,10.8,19.10982658959537,0.68
2023-11-19 18:00:00,18,False,2,95.27,10.7,10.7,19.156069364161848,0.76
2023-11-19 18:30:00,18,False,2,94.78,10.5,10.5,19.2485549132948,0.84
2023-11-19 19:00:00,19,False,2,94.29,10.3,10.3,19.341040462427745,3.05
2023-11-19 19:30:00,19,False,2,94.065,8.5,10.15,19.791907514450862,1.0
2023-11-19 20:00:00,20,False,2,93.84,6.7,10.0,20.242774566473987,0.96
2023-11-19 20:30:00,20,False,2,93.19,6.5,9.8,20.335260115606932,0.92
2023-11-19 21:00:00,21,False,6,92.54,6.3,9.6,20.427745664739884,0.88
2023-11-19 21:30:00,21,False,6,92.375,6.05,9.45,20.520231213872837,0.84
2023-11-19 22:00:00,22,False,6,92.21,5.8,9.3,20.61271676300578,0.05
2023-11-19 22:30:00,22,False,6,92.13499999999999,5.65,9.100000000000001,20.693641618497107,0.18
2023-11-19 23:00:00,23,False,6,92.06,5.5,8.9,20.77456647398844,0.3
2023-11-19 23:30:00,23,False,6,91.33,5.3,8.75,20.85549132947977,3.46
2023-11-20 00:00:00,0,True,1,90.6,5.1,8.6,20.936416184971097,0.01
2023-11-20 00:30:00,0,True,1,88.97999999999999,5.15,8.45,20.95953757225433,0.02
2023-11-20 01:00:00,1,True,1,87.36,5.2,8.3,20.982658959537574,0.03
2023-11-20 01:30:00,1,True,1,87.58,4.95,8.05,21.09826589595376,0.03
2023-11-20 02:00:00,2,True,1,87.8,4.7,7.8,21.21387283236994,0.04
2023-11-20 02:30:00,2,True,1,88.78,4.65,7.65,21.260115606936417,0.05
2023-11-20 03:00:00,3,True,1,89.76,4.6,7.5,21.30635838150289,0.05
2023-11-20 03:30:00,3,True,1,90.225,4.8,7.4,21.283236994219653,0.1
2023-11-20 04:00:00,4,True,1,90.69,5.0,7.3,21.260115606936417,0.04
2023-11-20 04:30:00,4,True,1,91.045,4.85,7.3,21.29479768786127,0.13
2023-11-20 05:00:00,5,False,1,91.4,4.7,7.3,21.32947976878613,0.3
2023-11-20 05:30:00,5,False,1,92.46000000000001,4.7,7.199999999999999,21.35260115606936,0.32
2023-11-20 06:00:00,6,False,5,93.52,4.7,7.1,21.3757225433526,0.35
2023-11-20 06:30:00,6,False,5,94.255,4.45,7.05,21.44508670520231,0.38
2023-11-20 07:00:00,7,False,5,94.99,4.2,7.0,21.514450867052023,0.4
2023-11-20 07:30:00,7,False,5,95.46000000000001,4.2,6.95,21.52601156069364,0.39
2023-11-20 08:00:00,8,False,5,95.93,4.2,6.9,21.53757225433526,0.38
2023-11-20 08:30:00,8,False,5,96.16,4.35,7.15,21.44508670520231,0.36
2023-11-20 09:00:00,9,False,4,96.39,4.5,7.4,21.35260115606936,0.05
2023-11-20 09:30:00,9,False,4,95.015,5.15,7.9,21.08670520231214,0.11
2023-11-20 10:00:00,10,False,4,93.64,5.8,8.4,20.820809248554912,0.18
2023-11-20 10:30:00,10,False,4,93.82,6.0,8.65,20.716763005780344,0.24
2023-11-20 11:00:00,11,False,4,94.0,6.2,8.9,20.61271676300578,0.3
2023-11-20 11:30:00,11,False,4,93.9,6.7,9.25,20.416184971098264,0.27
2023-11-20 12:00:00,12,False,0,93.8,7.2,9.6,20.21965317919075,0.51
2023-11-20 12:30:00,12,False,0,94.69999999999999,7.35,9.649999999999999,20.17341040462428,0.21
2023-11-20 13:00:00,13,False,0,95.6,7.5,9.7,20.1271676300578,0.4
2023-11-20 13:30:00,13,False,0,94.85,7.55,9.85,20.08092485549133,0.45
2023-11-20 14:00:00,14,False,0,94.1,7.6,10.0,20.034682080924853,0.5
2023-11-20 14:30:00,14,False,0,93.83,7.5,9.8,20.104046242774565,0.55
2023-11-20 15:00:00,15,False,3,93.56,7.4,9.6,20.17341040462428,0.6
2023-11-20 15:30:00,15,False,3,93.875,7.65,9.5,20.13872832369942,0.57
2023-11-20 16:00:00,16,False,3,94.19,7.9,9.4,20.104046242774565,1.11
2023-11-20 16:30:00,16,False,3,94.97,7.550000000000001,9.25,20.21965317919075,2.39
2023-11-20 17:00:00,17,False,3,95.75,7.2,9.1,20.335260115606932,3.39
2023-11-20 17:30:00,17,False,3,96.10499999999999,7.1,9.1,20.35838150289017,0.68
2023-11-20 18:00:00,18,False,2,96.46,7.0,9.1,20.381502890173408,0.76
2023-11-20 18:30:00,18,False,2,96.505,6.9,9.05,20.416184971098264,0.84
2023-11-20 19:00:00,19,False,2,96.55,6.8,9.0,20.45086705202312,0.92
2023-11-20 19:30:00,19,False,2,96.84,6.85,8.9,20.46242774566474,1.0
2023-11-20 20:00:00,20,False,2,97.13,6.9,8.8,20.47398843930636,0.96
2023-11-20 20:30:00,20,False,2,97.50999999999999,6.9,8.8,20.47398843930636,0.92
2023-11-20 21:00:00,21,False,6,97.89,6.9,8.8,20.47398843930636,0.88
2023-11-20 21:30:00,21,False,6,97.28,6.800000000000001,8.9,20.47398843930636,0.84
2023-11-20 22:00:00,22,False,6,96.67,6.7,9.0,20.47398843930636,0.05
2023-11-20 22:30:00,22,False,6,95.41499999999999,6.300000000000001,8.8,20.61271676300578,0.18
2023-11-20 23:00:00,23,False,6,94.16,5.9,8.6,20.751445086705203,3.14
2023-11-20 23:30:00,23,False,6,92.525,5.6,8.5,20.84393063583815,0.24
2023-11-21 00:00:00,0,True,1,90.89,5.3,8.4,20.936416184971097,0.01
2023-11-21 00:30:00,0,True,1,89.345,5.3,8.25,20.971098265895957,0.11
2023-11-21 01:00:00,1,True,1,87.8,5.3,8.1,21.00578034682081,0.03
2023-11-21 01:30:00,1,True,1,86.62,5.05,8.0,21.08670520231214,0.03
2023-11-21 02:00:00,2,True,1,85.44,4.8,7.9,21.167630057803468,0.14
2023-11-21 02:30:00,2,True,1,85.49000000000001,4.699999999999999,7.85,21.202312138728324,0.05
2023-11-21 03:00:00,3,True,1,85.54,4.6,7.8,21.236994219653177,0.13
2023-11-21 03:30:00,3,True,1,85.945,4.6,7.8,21.236994219653177,0.04
2023-11-21 04:00:00,4,True,1,86.35,4.6,7.8,21.236994219653177,0.04
2023-11-21 04:30:00,4,True,1,88.455,4.4,7.699999999999999,21.30635838150289,0.03
2023-11-21 05:00:00,5,False,1,90.56,4.2,7.6,21.3757225433526,0.3
2023-11-21 05:30:00,5,False,1,92.64,3.85,7.449999999999999,21.491329479768787,0.32
2023-11-21 06:00:00,6,False,5,94.72,3.5,7.3,21.60693641618497,0.35
2023-11-21 06:30:00,6,False,5,94.7,3.45,7.3,21.61849710982659,0.38
2023-11-21 07:00:00,7,False,5,94.68,3.4,7.3,21.63005780346821,0.4
2023-11-21 07:30:00,7,False,5,93.92500000000001,3.55,7.3,21.595375722543352,0.39
2023-11-21 08:00:00,8,False,5,93.17,3.7,7.3,21.560693641618496,0.38
2023-11-21 08:30:00,8,False,5,91.735,3.6500000000000004,7.25,21.58381502890173,1.01
2023-11-21 09:00:00,9,False,4,90.3,3.6,7.2,21.60693641618497,0.05
2023-11-21 09:30:00,9,False,4,88.35,4.0,7.300000000000001,21.491329479768787,0.11
2023-11-21 10:00:00,10,False,4,86.4,4.4,7.4,21.3757225433526,0.18
2023-11-21 10:30:00,10,False,4,84.92500000000001,4.35,7.550000000000001,21.35260115606936,0.24
2023-11-21 11:00:00,11,False,4,83.45,4.3,7.7,21.32947976878613,0.3
2023-11-21 11:30:00,11,False,4,84.545,4.35,7.65,21.32947976878613,0.27
2023-11-21 12:00:00,12,False,0,85.64,4.4,7.6,21.32947976878613,0.24
2023-11-21 12:30:00,12,False,0,85.89500000000001,4.85,7.6,21.22543352601156,0.21
2023-11-21 13:00:00,13,False,0,86.15,5.3,7.6,21.121387283236995,0.4
2023-11-21 13:30:00,13,False,0,84.49000000000001,5.15,7.65,21.14450867052023,1.85
2023-11-21 14:00:00,14,False,0,82.83,5.0,7.7,21.167630057803468,0.5
2023-11-21 14:30:00,14,False,0,83.745,4.95,7.5,21.22543352601156,0.55
2023-11-21 15:00:00,15,False,3,84.66,4.9,7.3,21.283236994219653,0.6
2023-11-21 15:30:00,15,False,3,85.315,4.9,7.0,21.35260115606936,0.57
2023-11-21 16:00:00,16,False,3,85.97,4.9,6.7,21.421965317919074,0.55
2023-11-21 16:30:00,16,False,3,86.445,4.550000000000001,6.45,21.560693641618496,0.52
2023-11-21 17:00:00,17,False,3,86.92,4.2,6.2,21.69942196531792,0.6
2023-11-21 17:30:00,17,False,3,87.985,4.05,5.95,21.791907514450862,0.68
2023-11-21 18:00:00,18,False,2,89.05,3.9,5.7,21.88439306358381,3.5
2023-11-21 18:30:00,18,False,2,90.275,3.8,5.35,21.98843930635838,0.84
2023-11-21 19:00:00,19,False,2,91.5,3.7,5.0,22.09248554913295,0.92
2023-11-21 19:30:00,19,False,2,91.00999999999999,3.75,5.0,22.08092485549133,1.0
2023-11-21 20:00:00,20,False,2,90.52,3.8,5.0,22.06936416184971,3.3
2023-11-21 20:30:00,20,False,2,89.78999999999999,3.8,5.0,22.06936416184971,0.92
2023-11-21 21:00:00,21,False,6,89.06,3.8,5.0,22.06936416184971,0.88
2023-11-21 21:30:00,21,False,6,89.255,3.55,4.95,22.13872832369942,0.84
2023-11-21 22:00:00,22,False,6,89.45,3.3,4.9,22.20809248554913,3.03
2023-11-21 22:30:00,22,False,6,89.98,3.0,4.95,22.265895953757227,0.18
2023-11-21 23:00:00,23,False,6,90.51,2.7,5.0,22.32369942196532,0.3
2023-11-21 23:30:00,23,False,6,91.605,2.75,5.05,22.30057803468208,0.24
2023-11-22 00:00:00,0,True,1,92.7,2.8,5.1,22.277456647398843,0.01
2023-11-22 00:30:00,0,True,1,92.16499999999999,2.8499999999999996,5.199999999999999,22.242774566473987,0.02
2023-11-22 01:00:00,1,True,1,91.63,2.9,5.3,22.20809248554913,0.03
2023-11-22 01:30:00,1,True,1,91.97999999999999,2.55,5.35,22.277456647398843,0.03
2023-11-22 02:00:00,2,True,1,92.33,2.2,5.4,22.346820809248555,0.04
2023-11-22 02:30:00,2,True,1,91.995,2.25,5.6,22.289017341040463,0.05
2023-11-22 03:00:00,3,True,1,91.66,2.3,5.8,22.23121387283237,0.12
2023-11-22 03:30:00,3,True,1,91.4,2.45,5.9,22.17341040462428,0.04
2023-11-22 04:00:00,4,True,1,91.14,2.6,6.0,22.115606936416185,0.04
2023-11-22 04:30:00,4,True,1,90.505,2.85,6.15,22.02312138728324,0.12
2023-11-22 05:00:00,5,False,1,89.87,3.1,6.3,21.930635838150287,0.3
2023-11-22 05:30:00,5,False,1,89.71000000000001,3.3,6.3,21.88439306358381,2.12
2023-11-22 06:00:00,6,False,5,89.55,3.5,6.3,21.838150289017342,0.35
2023-11-22 06:30:00,6,False,5,90.555,3.3,6.4,21.86127167630058,0.38
2023-11-22 07:00:00,7,False,5,91.56,3.1,6.5,21.88439306358381,0.4
2023-11-22 07:30:00,7,False,5,92.30000000000001,3.2,6.7,21.815028901734102,0.39
2023-11-22 08:00:00,8,False,5,93.04,3.3,6.9,21.745664739884397,0.38
2023-11-22 08:30:00,8,False,5,93.19,3.4,7.050000000000001,21.6878612716763,0.36
2023-11-22 09:00:00,9,False,4,93.34,3.5,7.2,21.63005780346821,0.05
2023-11-22 09:30:00,9,False,4,93.35,3.65,7.4,21.54913294797688,0.11
2023-11-22 10:00:00,10,False,4,93.36,3.8,7.6,21.468208092485547,0.18
2023-11-22 10:30:00,10,False,4,94.00999999999999,4.25,7.8999999999999995,21.29479768786127,0.24
2023-11-22 11:00:00,11,False,4,94.66,4.7,8.2,21.121387283236995,0.3
2023-11-22 11:30:00,11,False,4,94.805,5.050000000000001,8.55,20.95953757225433,0.27
2023-11-22 12:00:00,12,False,0,94.95,5.4,8.9,20.79768786127168,0.24
2023-11-22 12:30:00,12,False,0,94.445,5.7,9.3,20.63583815028902,0.21
2023-11-22 13:00:00,13,False,0,93.94,6.0,9.7,20.47398843930636,0.4
2023-11-22 13:30:00,13,False,0,92.69,8.05,9.899999999999999,19.953757225433527,0.45
2023-11-22 14:00:00,14,False,0,91.44,10.1,10.1,19.43352601156069,0.5
2023-11-22 14:30:00,14,False,0,90.475,10.149999999999999,10.149999999999999,19.41040462427745,0.55
2023-11-22 15:00:00,15,False,3,89.51,10.2,10.2,19.387283236994215,0.6
2023-11-22 15:30:00,15,False,3,89.07,10.2,10.2,19.387283236994215,0.57
2023-11-22 16:00:00,16,False,3,88.63,10.2,10.2,19.387283236994215,0.55
2023-11-22 16:30:00,16,False,3,89.625,10.2,10.2,19.387283236994215,0.52
2023-11-22 17:00:00,17,False,3,90.62,10.2,10.2,19.387283236994215,0.6
2023-11-22 17:30:00,17,False,3,90.5,10.2,10.2,19.387283236994215,0.68
2023-11-22 18:00:00,18,False,2,90.38,10.2,10.2,19.387283236994215,0.76
2023-11-22 18:30:00,18,False,2,90.19,10.3,10.3,19.341040462427745,0.84
2023-11-22 19:00:00,19,False,2,90.0,10.4,10.4,19.29479768786127,0.92
2023-11-22 19:30:00,19,False,2,90.305,10.45,10.45,19.271676300578036,1.0
2023-11-22 20:00:00,20,False,2,90.61,10.5,10.5,19.2485549132948,0.96
2023-11-22 20:30:00,20,False,2,89.88,10.5,10.5,19.2485549132948,0.92
2023-11-22 21:00:00,21,False,6,89.15,10.5,10.5,19.2485549132948,0.88
2023-11-22 21:30:00,21,False,6,89.475,10.55,10.55,19.22543352601156,0.84
2023-11-22 22:00:00,22,False,6,89.8,10.6,10.6,19.202312138728324,0.05
2023-11-22 22:30:00,22,False,6,89.895,10.6,10.6,19.202312138728324,0.18
2023-11-22 23:00:00,23,False,6,89.99,10.6,10.6,19.202312138728324,0.3
2023-11-22 23:30:00,23,False,6,90.14,10.7,10.7,19.156069364161848,0.24
2023-11-23 00:00:00,0,True,1,90.29,10.8,10.8,19.10982658959537,0.01
2023-11-23 00:30:00,0,True,1,89.81,10.9,10.9,19.0635838150289,0.02
2023-11-23 01:00:00,1,True,1,89.33,11.0,11.0,19.017341040462423,0.03
2023-11-23 01:30:00,1,True,1,89.11,11.05,11.05,18.99421965317919,0.12
2023-11-23 02:00:00,2,True,1,88.89,11.1,11.1,18.971098265895957,0.04
2023-11-23 02:30:00,2,True,1,89.375,10.95,10.95,19.040462427745663,0.05
2023-11-23 03:00:00,3,True,1,89.86,10.8,10.8,19.10982658959537,0.05
2023-11-23 03:30:00,3,True,1,90.33,10.7,10.7,19.156069364161848,0.04
2023-11-23 04:00:00,4,True,1,90.8,10.6,10.6,19.202312138728324,0.04
2023-11-23 04:30:00,4,True,1,90.61500000000001,10.6,10.6,19.202312138728324,0.03
2023-11-23 05:00:00,5,False,1,90.43,10.6,10.6,19.202312138728324,0.3
2023-11-23 05:30:00,5,False,1,90.6,10.55,10.55,19.22543352601156,0.32
2023-11-23 06:00:00,6,False,5,90.77,10.5,10.5,19.2485549132948,0.35
2023-11-23 06:30:00,6,False,5,91.125,10.4,10.4,19.29479768786127,0.38
2023-11-23 07:00:00,7,False,5,91.48,10.3,10.3,19.341040462427745,0.4
2023-11-23 07:30:00,7,False,5,91.565,10.25,10.25,19.36416184971098,1.79
2023-11-23 08:00:00,8,False,5,91.65,10.2,10.2,19.387283236994215,0.38
2023-11-23 08:30:00,8,False,5,92.08500000000001,10.149999999999999,10.149999999999999,19.41040462427745,0.36
2023-11-23 09:00:00,9,False,4,92.52,10.1,10.1,19.43352601156069,0.05
2023-11-23 09:30:00,9,False,4,91.375,10.3,10.3,19.341040462427745,0.11
2023-11-23 10:00:00,10,False,4,90.23,10.5,10.5,19.2485549132948,0.18
2023-11-23 10:30:00,10,False,4,89.67,10.65,10.65,19.179190751445084,0.24
2023-11-23 11:00:00,11,False,4,89.11,10.8,10.8,19.10982658959537,0.3
2023-11-23 11:30:00,11,False,4,89.32,10.9,10.9,19.0635838150289,0.27
2023-11-23 12:00:00,12,False,0,89.53,11.0,11.0,19.017341040462423,0.24
2023-11-23 12:30:00,12,False,0,90.025,11.05,11.05,18.99421965317919,0.21
2023-11-23 13:00:00,13,False,0,90.52,11.1,11.1,18.971098265895957,0.4
2023-11-23 13:30:00,13,False,0,91.41,11.05,11.05,18.99421965317919,0.45
2023-11-23 14:00:00,14,False,0,92.3,11.0,11.0,19.017341040462423,0.5
2023-11-23 14:30:00,14,False,0,91.795,11.1,11.1,18.971098265895957,1.16
2023-11-23 15:00:00,15,False,3,91.29,11.2,11.2,18.92485549132948,0.6
2023-11-23 15:30:00,15,False,3,91.70500000000001,11.1,11.1,18.971098265895957,1.16
2023-11-23 16:00:00,16,False,3,92.12,11.0,11.0,19.017341040462423,0.55
2023-11-23 16:30:00,16,False,3,92.345,10.5,10.5,19.2485549132948,0.52
2023-11-23 17:00:00,17,False,3,92.57,10.0,10.0,19.479768786127167,0.6
2023-11-23 17:30:00,17,False,3,90.535,7.8,9.65,20.069364161849716,3.3
2023-11-23 18:00:00,18,False,2,88.5,5.6,9.3,20.65895953757225,0.76
2023-11-23 18:30:00,18,False,2,85.245,5.1,8.95,20.85549132947977,0.84
2023-11-23 19:00:00,19,False,2,81.99,4.6,8.6,21.052023121387283,0.92
2023-11-23 19:30:00,19,False,2,80.265,4.449999999999999,8.5,21.10982658959537,1.0
2023-11-23 20:00:00,20,False,2,78.54,4.3,8.4,21.167630057803468,0.96
2023-11-23 20:30:00,20,False,2,78.565,4.199999999999999,8.350000000000001,21.202312138728324,3.26
2023-11-23 21:00:00,21,False,6,78.59,4.1,8.3,21.236994219653177,0.88
2023-11-23 21:30:00,21,False,6,77.75,3.9499999999999997,8.15,21.30635838150289,0.84
2023-11-23 22:00:00,22,False,6,76.91,3.8,8.0,21.3757225433526,0.05
2023-11-23 22:30:00,22,False,6,75.99,3.65,7.9,21.43352601156069,0.18
2023-11-23 23:00:00,23,False,6,75.07,3.5,7.8,21.491329479768787,0.3
2023-11-23 23:30:00,23,False,6,76.505,3.2,7.5,21.63005780346821,0.24
2023-11-24 00:00:00,0,True,1,77.94,2.9,7.2,21.76878612716763,0.01
2023-11-24 00:30:00,0,True,1,79.19999999999999,2.75,7.0,21.84971098265896,0.02
2023-11-24 01:00:00,1,True,1,80.46,2.6,6.8,21.930635838150287,0.03
2023-11-24 01:30:00,1,True,1,80.50999999999999,2.6500000000000004,6.65,21.953757225433527,0.03
2023-11-24 02:00:00,2,True,1,80.56,2.7,6.5,21.976878612716764,0.15
2023-11-24 02:30:00,2,True,1,80.035,2.5,6.25,22.08092485549133,0.05
2023-11-24 03:00:00,3,True,1,79.51,2.3,6.0,22.18497109826589,0.05
2023-11-24 03:30:00,3,True,1,79.025,2.25,5.9,22.21965317919075,0.04
2023-11-24 04:00:00,4,True,1,78.54,2.2,5.8,22.254335260115607,0.04
2023-11-24 04:30:00,4,True,1,78.405,1.85,5.75,22.346820809248555,0.03
2023-11-24 05:00:00,5,False,1,78.27,1.5,5.7,22.4393063583815,0.3
2023-11-24 05:30:00,5,False,1,77.94,1.55,5.65,22.4393063583815,0.32
2023-11-24 06:00:00,6,False,5,77.61,1.6,5.6,22.4393063583815,0.35
2023-11-24 06:30:00,6,False,5,77.35499999999999,1.35,5.4,22.54335260115607,2.22
2023-11-24 07:00:00,7,False,5,77.1,1.1,5.2,22.647398843930635,0.4
2023-11-24 07:30:00,7,False,5,75.455,0.6000000000000001,4.85,22.84393063583815,0.39
2023-11-24 08:00:00,8,False,5,73.81,0.1,4.5,23.040462427745663,1.27
2023-11-24 08:30:00,8,False,5,73.855,-0.05000000000000002,4.25,23.13294797687861,2.01
2023-11-24 09:00:00,9,False,4,73.9,-0.2,4.0,23.22543352601156,0.05
2023-11-24 09:30:00,9,False,4,69.87,-0.25,4.1,23.213872832369944,0.46
2023-11-24 10:00:00,10,False,4,65.84,-0.3,4.2,23.202312138728324,0.18
2023-11-24 10:30:00,10,False,4,63.58,0.0,4.5,23.063583815028903,0.24
2023-11-24 11:00:00,11,False,4,61.32,0.3,4.8,22.92485549132948,0.85
2023-11-24 11:30:00,11,False,4,59.36,0.8999999999999999,5.199999999999999,22.69364161849711,0.27
2023-11-24 12:00:00,12,False,0,57.4,1.5,5.6,22.46242774566474,0.84
2023-11-24 12:30:00,12,False,0,58.295,1.0,5.4,22.6242774566474,0.21
2023-11-24 13:00:00,13,False,0,59.19,0.5,5.2,22.786127167630056,0.4
2023-11-24 13:30:00,13,False,0,59.114999999999995,0.5,5.15,22.79768786127168,2.5
2023-11-24 14:00:00,14,False,0,59.04,0.5,5.1,22.809248554913296,0.5
2023-11-24 14:30:00,14,False,0,60.3,0.25,4.8,22.936416184971097,0.55
2023-11-24 15:00:00,15,False,3,61.56,0.0,4.5,23.063583815028903,0.6
2023-11-24 15:30:00,15,False,3,63.54,-0.55,4.05,23.294797687861276,0.57
2023-11-24 16:00:00,16,False,3,65.52,-1.1,3.6,23.52601156069364,0.55
2023-11-24 16:30:00,16,False,3,68.005,-1.6,3.0,23.78034682080925,0.52
2023-11-24 17:00:00,17,False,3,70.49,-2.1,2.4,24.034682080924856,0.6
2023-11-24 17:30:00,17,False,3,71.32,-1.8,2.1,24.034682080924856,0.68
2023-11-24 18:00:00,18,False,2,72.15,-1.5,1.8,24.034682080924856,0.76
2023-11-24 18:30:00,18,False,2,73.0,-1.9,1.6,24.17341040462428,3.21
2023-11-24 19:00:00,19,False,2,73.85,-2.3,1.4,24.3121387283237,0.92
2023-11-24 19:30:00,19,False,2,75.55,-2.5999999999999996,1.0499999999999998,24.46242774566474,1.0
2023-11-24 20:00:00,20,False,2,77.25,-2.9,0.7,24.612716763005785,0.96
2023-11-24 20:30:00,20,False,2,78.41499999999999,-2.95,0.7,24.6242774566474,0.92
2023-11-24 21:00:00,21,False,6,79.58,-3.0,0.7,24.63583815028902,0.88
2023-11-24 21:30:00,21,False,6,80.38499999999999,-3.55,0.44999999999999996,24.820809248554912,0.84
2023-11-24 22:00:00,22,False,6,81.19,-4.1,0.2,25.00578034682081,0.05
2023-11-24 22:30:00,22,False,6,81.3,-4.1,0.15000000000000002,25.017341040462423,0.18
2023-11-24 23:00:00,23,False,6,81.41,-4.1,0.1,25.028901734104046,3.16
2023-11-24 23:30:00,23,False,6,82.345,-4.199999999999999,-0.1,25.09826589595376,0.24
2023-11-25 00:00:00,0,True,1,83.28,-4.3,-0.3,25.167630057803468,0.01
2023-11-25 00:30:00,0,True,1,84.1,-4.65,-0.5,25.294797687861276,0.02
2023-11-25 01:00:00,1,True,1,84.92,-5.0,-0.7,25.421965317919074,0.03
2023-11-25 01:30:00,1,True,1,85.28,-4.9,-0.8,25.421965317919074,0.03
2023-11-25 02:00:00,2,True,1,85.64,-4.8,-0.9,25.421965317919074,0.04
2023-11-25 02:30:00,2,True,1,85.37,-5.0,-0.95,25.479768786127167,0.05
2023-11-25 03:00:00,3,True,1,85.1,-5.2,-1.0,25.53757225433526,0.05
2023-11-25 03:30:00,3,True,1,85.00999999999999,-5.15,-0.95,25.514450867052023,0.04
2023-11-25 04:00:00,4,True,1,84.92,-5.1,-0.9,25.491329479768787,0.04
2023-11-25 04:30:00,4,True,1,84.35,-4.75,-0.8500000000000001,25.39884393063584,0.03
2023-11-25 05:00:00,5,False,1,83.78,-4.4,-0.8,25.30635838150289,0.3
2023-11-25 05:30:00,5,False,1,84.53999999999999,-4.6,-0.9,25.3757225433526,0.32
2023-11-25 06:00:00,6,False,5,85.3,-4.8,-1.0,25.44508670520231,0.35
2023-11-25 06:30:00,6,False,5,85.49000000000001,-4.75,-1.1,25.45664739884393,1.1
2023-11-25 07:00:00,7,False,5,85.68,-4.7,-1.2,25.46820809248555,0.4
2023-11-25 07:30:00,7,False,5,85.515,-4.95,-1.2999999999999998,25.54913294797688,0.39
2023-11-25 08:00:00,8,False,5,85.35,-5.2,-1.4,25.63005780346821,1.21
2023-11-25 08:30:00,8,False,5,84.07499999999999,-4.55,-0.95,25.3757225433526,0.36
2023-11-25 09:00:00,9,False,4,82.8,-3.9,-0.5,25.121387283236995,0.56
2023-11-25 09:30:00,9,False,4,80.82,-2.7,0.25,24.67052023121387,0.11
2023-11-25 10:00:00,10,False,4,78.84,-1.5,1.0,24.21965317919075,0.18
2023-11-25 10:30:00,10,False,4,76.84,-0.95,1.65,23.942196531791907,0.24
2023-11-25 11:00:00,11,False,4,74.84,-0.4,2.3,23.664739884393065,0.3
2023-11-25 11:30:00,11,False,4,73.345,0.09999999999999998,2.95,23.39884393063584,0.27
2023-11-25 12:00:00,12,False,0,71.85,0.6,3.6,23.13294797687861,0.24
2023-11-25 12:30:00,12,False,0,71.015,1.15,3.95,22.92485549132948,0.21
2023-11-25 13:00:00,13,False,0,70.18,1.7,4.3,22.716763005780347,0.4
2023-11-25 13:30:00,13,False,0,69.86500000000001,1.7999999999999998,4.4,22.67052023121387,0.45
2023-11-25 14:00:00,14,False,0,69.55,1.9,4.5,22.6242774566474,0.5
2023-11-25 14:30:00,14,False,0,70.35499999999999,1.75,4.2,22.728323699421964,0.55
2023-11-25 15:00:00,15,False,3,71.16,1.6,3.9,22.83236994219653,0.6
2023-11-25 15:30:00,15,False,3,74.4,0.8,3.15,23.190751445086704,0.57
2023-11-25 16:00:00,16,False,3,77.64,0.0,2.4,23.54913294797688,0.55
2023-11-25 16:30:00,16,False,3,80.225,-0.45,1.85,23.78034682080925,0.52
2023-11-25 17:00:00,17,False,3,82.81,-0.9,1.3,24.01156069364162,0.6
2023-11-25 17:30:00,17,False,3,82.735,-1.1,1.1,24.104046242774565,0.68
2023-11-25 18:00:00,18,False,2,82.66,-1.3,0.9,24.196531791907518,0.76
2023-11-25 18:30:00,18,False,2,83.09,-1.4500000000000002,0.8,24.254335260115607,3.26
2023-11-25 19:00:00,19,False,2,83.52,-1.6,0.7,24.3121387283237,0.92
2023-11-25 19:30:00,19,False,2,84.37,-1.65,0.6499999999999999,24.335260115606932,1.0
2023-11-25 20:00:00,20,False,2,85.22,-1.7,0.6,24.35838150289017,0.96
2023-11-25 20:30:00,20,False,2,85.045,-1.5499999999999998,0.6,24.32369942196532,0.92
2023-11-25 21:00:00,21,False,6,84.87,-1.4,0.6,24.289017341040463,0.88
2023-11-25 21:30:00,21,False,6,85.5,-1.7,0.44999999999999996,24.393063583815028,0.84
2023-11-25 22:00:00,22,False,6,86.13,-2.0,0.3,24.4971098265896,0.05
2023-11-25 22:30:00,22,False,6,87.09,-2.25,0.15,24.589595375722546,0.18
2023-11-25 23:00:00,23,False,6,88.05,-2.5,0.0,24.68208092485549,0.3
2023-11-25 23:30:00,23,False,6,87.00999999999999,-1.95,0.2,24.508670520231213,0.24
2023-11-26 00:00:00,0,True,1,85.97,-1.4,0.4,24.335260115606932,0.01
2023-11-26 00:30:00,0,True,1,85.265,-1.25,0.5,24.277456647398843,0.02
2023-11-26 01:00:00,1,True,1,84.56,-1.1,0.6,24.21965317919075,0.03
2023-11-26 01:30:00,1,True,1,87.17500000000001,-1.7,0.3,24.427745664739884,0.03
2023-11-26 02:00:00,2,True,1,89.79,-2.3,0.0,24.63583815028902,0.04
2023-11-26 02:30:00,2,True,1,89.75,-1.7,0.15,24.46242774566474,0.14
2023-11-26 03:00:00,3,True,1,89.71,-1.1,0.3,24.289017341040463,0.11
2023-11-26 03:30:00,3,True,1,88.815,-0.30000000000000004,0.4,24.08092485549133,0.04
2023-11-26 04:00:00,4,True,1,87.92,0.5,0.5,23.872832369942195,0.04
2023-11-26 04:30:00,4,True,1,88.00999999999999,-0.35,0.55,24.057803468208093,0.03
2023-11-26 05:00:00,5,False,1,88.1,-1.2,0.6,24.242774566473987,0.3
2023-11-26 05:30:00,5,False,1,88.35499999999999,-1.2,0.6499999999999999,24.23121387283237,0.32
2023-11-26 06:00:00,6,False,5,88.61,-1.2,0.7,24.21965317919075,0.35
2023-11-26 06:30:00,6,False,5,89.095,-1.0,0.7,24.17341040462428,0.38
2023-11-26 07:00:00,7,False,5,89.58,-0.8,0.7,24.127167630057805,0.4
2023-11-26 07:30:00,7,False,5,89.965,-1.2000000000000002,0.6499999999999999,24.23121387283237,0.39
2023-11-26 08:00:00,8,False,5,90.35,-1.6,0.6,24.335260115606932,0.38
2023-11-26 08:30:00,8,False,5,90.49,-1.4500000000000002,0.75,24.265895953757227,0.36
2023-11-26 09:00:00,9,False,4,90.63,-1.3,0.9,24.196531791907518,0.05
2023-11-26 09:30:00,9,False,4,89.24,-0.7000000000000001,1.5,23.91907514450867,0.11
2023-11-26 10:00:00,10,False,4,87.85,-0.1,2.1,23.641618497109825,0.18
2023-11-26 10:30:00,10,False,4,85.645,0.5000000000000001,2.6,23.387283236994215,0.24
2023-11-26 11:00:00,11,False,4,83.44,1.1,3.1,23.13294797687861,0.3
2023-11-26 11:30:00,11,False,4,82.815,1.35,3.35,23.017341040462423,0.27
2023-11-26 12:00:00,12,False,0,82.19,1.6,3.6,22.90173410404624,0.9
2023-11-26 12:30:00,12,False,0,83.27,1.4,3.6500000000000004,22.936416184971097,0.21
2023-11-26 13:00:00,13,False,0,84.35,1.2,3.7,22.971098265895957,0.4
2023-11-26 13:30:00,13,False,0,84.735,1.7999999999999998,3.9,22.786127167630056,0.45
2023-11-26 14:00:00,14,False,0,85.12,2.4,4.1,22.60115606936416,0.5
2023-11-26 14:30:00,14,False,0,86.485,2.4,4.1,22.60115606936416,0.55
2023-11-26 15:00:00,15,False,3,87.85,2.4,4.1,22.60115606936416,0.6
2023-11-26 15:30:00,15,False,3,89.185,2.4,4.0,22.6242774566474,0.57
2023-11-26 16:00:00,16,False,3,90.52,2.4,3.9,22.647398843930635,0.55
2023-11-26 16:30:00,16,False,3,92.345,2.1,3.7,22.76300578034682,0.52
2023-11-26 17:00:00,17,False,3,94.17,1.8,3.5,22.878612716763005,0.6
2023-11-26 17:30:00,17,False,3,94.89500000000001,2.0,3.5,22.83236994219653,0.68
2023-11-26 18:00:00,18,False,2,95.62,2.2,3.5,22.786127167630056,0.76
2023-11-26 18:30:00,18,False,2,95.86500000000001,2.1,3.5,22.809248554913296,3.28
2023-11-26 19:00:00,19,False,2,96.11,2.0,3.5,22.83236994219653,0.92
2023-11-26 19:30:00,19,False,2,96.25999999999999,2.2,3.5,22.786127167630056,1.0
2023-11-26 20:00:00,20,False,2,96.41,2.4,3.5,22.739884393063583,0.96
2023-11-26 20:30:00,20,False,2,96.67,3.0999999999999996,3.65,22.54335260115607,0.92
2023-11-26 21:00:00,21,False,6,96.93,3.8,3.8,22.346820809248555,0.88
2023-11-26 21:30:00,21,False,6,96.99000000000001,3.9,3.9,22.30057803468208,0.84
2023-11-26 22:00:00,22,False,6,97.05,4.0,4.0,22.254335260115607,0.05
2023-11-26 22:30:00,22,False,6,97.055,4.2,4.2,22.161849710982658,0.18
2023-11-26 23:00:00,23,False,6,97.06,4.4,4.4,22.06936416184971,3.15
2023-11-26 23:30:00,23,False,6,97.375,4.550000000000001,4.550000000000001,22.0,0.24
2023-11-27 00:00:00,0,True,1,97.69,4.7,4.7,21.930635838150287,0.01
2023-11-27 00:30:00,0,True,1,97.84,4.6,4.6,21.976878612716764,0.14
2023-11-27 01:00:00,1,True,1,97.99,4.5,4.5,22.02312138728324,0.03
2023-11-27 01:30:00,1,True,1,97.965,4.5,4.5,22.02312138728324,0.03
2023-11-27 02:00:00,2,True,1,97.94,4.5,4.5,22.02312138728324,0.04
2023-11-27 02:30:00,2,True,1,98.16499999999999,4.35,4.35,22.09248554913295,0.05
2023-11-27 03:00:00,3,True,1,98.39,4.2,4.2,22.161849710982658,0.1
2023-11-27 03:30:00,3,True,1,98.6,4.2,4.2,22.161849710982658,0.04
2023-11-27 04:00:00,4,True,1,98.81,4.2,4.2,22.161849710982658,0.04
2023-11-27 04:30:00,4,True,1,99.075,3.75,3.75,22.36994219653179,0.03
2023-11-27 05:00:00,5,False,1,99.34,3.3,3.3,22.57803468208093,0.3
2023-11-27 05:30:00,5,False,1,99.34,2.5999999999999996,3.4,22.716763005780347,1.74
2023-11-27 06:00:00,6,False,5,99.34,1.9,3.5,22.85549132947977,0.35
2023-11-27 06:30:00,6,False,5,99.34,1.35,3.45,22.99421965317919,0.38
2023-11-27 07:00:00,7,False,5,99.34,0.8,3.4,23.13294797687861,0.4
2023-11-27 07:30:00,7,False,5,99.245,0.45,3.4,23.213872832369944,0.39
2023-11-27 08:00:00,8,False,5,99.15,0.1,3.4,23.294797687861276,0.38
2023-11-27 08:30:00,8,False,5,98.685,-0.45000000000000007,3.25,23.45664739884393,2.46
2023-11-27 09:00:00,9,False,4,98.22,-1.0,3.1,23.61849710982659,0.05
2023-11-27 09:30:00,9,False,4,98.285,-1.35,2.9000000000000004,23.745664739884397,0.11
2023-11-27 10:00:00,10,False,4,98.35,-1.7,2.7,23.872832369942195,0.18
2023-11-27 10:30:00,10,False,4,97.55,-1.5,2.55,23.86127167630058,0.24
2023-11-27 11:00:00,11,False,4,96.75,-1.3,2.4,23.84971098265896,0.3
2023-11-27 11:30:00,11,False,4,97.10499999999999,-0.9,2.5999999999999996,23.710982658959537,0.27
2023-11-27 12:00:00,12,False,0,97.46,-0.5,2.8,23.57225433526012,0.24
2023-11-27 12:30:00,12,False,0,97.435,-0.4,2.95,23.514450867052023,0.21
2023-11-27 13:00:00,13,False,0,97.41,-0.3,3.1,23.45664739884393,0.4
2023-11-27 13:30:00,13,False,0,96.705,0.0,3.35,23.32947976878613,0.45
2023-11-27 14:00:00,14,False,0,96.0,0.3,3.6,23.202312138728324,0.5
2023-11-27 14:30:00,14,False,0,96.0,0.35,3.75,23.15606936416185,0.55
2023-11-27 15:00:00,15,False,3,96.0,0.4,3.9,23.10982658959537,0.6
2023-11-27 15:30:00,15,False,3,94.765,0.5,4.05,23.052023121387283,0.57
2023-11-27 16:00:00,16,False,3,93.53,0.6,4.2,22.99421965317919,0.55
2023-11-27 16:30:00,16,False,3,93.9,0.7,4.25,22.95953757225433,0.52
2023-11-27 17:00:00,17,False,3,94.27,0.8,4.3,22.92485549132948,0.6
2023-11-27 17:30:00,17,False,3,94.725,0.6000000000000001,4.3,22.971098265895957,0.68
2023-11-27 18:00:00,18,False,2,95.18,0.4,4.3,23.017341040462423,0.76
2023-11-27 18:30:00,18,False,2,94.825,0.45,4.25,23.017341040462423,0.84
2023-11-27 19:00:00,19,False,2,94.47,0.5,4.2,23.017341040462423,0.92
2023-11-27 19:30:00,19,False,2,94.345,0.4,4.1,23.063583815028903,1.0
2023-11-27 20:00:00,20,False,2,94.22,0.3,4.0,23.10982658959537,0.96
2023-11-27 20:30:00,20,False,2,94.46000000000001,0.35,3.95,23.10982658959537,0.92
2023-11-27 21:00:00,21,False,6,94.7,0.4,3.9,23.10982658959537,0.88
2023-11-27 21:30:00,21,False,6,95.0,0.35,3.95,23.10982658959537,0.84
2023-11-27 22:00:00,22,False,6,95.3,0.3,4.0,23.10982658959537,0.05
2023-11-27 22:30:00,22,False,6,96.17,0.35,4.05,23.08670520231214,0.18
2023-11-27 23:00:00,23,False,6,97.04,0.4,4.1,23.063583815028903,0.3
2023-11-27 23:30:00,23,False,6,96.85,0.65,4.199999999999999,22.982658959537574,0.24
2023-11-28 00:00:00,0,True,1,96.66,0.9,4.3,22.90173410404624,0.01
2023-11-28 00:30:00,0,True,1,95.85499999999999,0.8,4.3,22.92485549132948,0.02
2023-11-28 01:00:00,1,True,1,95.05,0.7,4.3,22.94797687861272,0.03
2023-11-28 01:30:00,1,True,1,94.8,0.8,4.199999999999999,22.94797687861272,0.03
2023-11-28 02:00:00,2,True,1,94.55,0.9,4.1,22.94797687861272,0.04
2023-11-28 02:30:00,2,True,1,94.12,0.95,3.9,22.982658959537574,0.05
2023-11-28 03:00:00,3,True,1,93.69,1.0,3.7,23.017341040462423,0.05
2023-11-28 03:30:00,3,True,1,94.31,0.8,3.55,23.09826589595376,0.04
2023-11-28 04:00:00,4,True,1,94.93,0.6,3.4,23.179190751445088,0.11
2023-11-28 04:30:00,4,True,1,95.15,0.3,3.0,23.341040462427745,0.03
2023-11-28 05:00:00,5,False,1,95.37,0.0,2.6,23.502890173410403,0.3
2023-11-28 05:30:00,5,False,1,95.94,0.2,2.5,23.479768786127167,0.32
2023-11-28 06:00:00,6,False,5,96.51,0.4,2.4,23.45664739884393,0.35
2023-11-28 06:30:00,6,False,5,96.58500000000001,-0.09999999999999998,2.15,23.63005780346821,0.38
2023-11-28 07:00:00,7,False,5,96.66,-0.6,1.9,23.80346820809249,0.4
2023-11-28 07:30:00,7,False,5,96.53,-0.8999999999999999,1.7,23.91907514450867,0.39
2023-11-28 08:00:00,8,False,5,96.4,-1.2,1.5,24.034682080924856,0.38
2023-11-28 08:30:00,8,False,5,96.14500000000001,-1.15,1.45,24.034682080924856,0.36
2023-11-28 09:00:00,9,False,4,95.89,-1.1,1.4,24.034682080924856,0.05
2023-11-28 09:30:00,9,False,4,94.075,-0.7000000000000001,1.9,23.82658959537572,0.11
2023-11-28 10:00:00,10,False,4,92.26,-0.3,2.4,23.61849710982659,0.18
2023-11-28 10:30:00,10,False,4,90.355,0.55,3.05,23.271676300578036,0.24
2023-11-28 11:00:00,11,False,4,88.45,1.4,3.7,22.92485549132948,0.3
2023-11-28 11:30:00,11,False,4,84.38,1.9,4.25,22.68208092485549,0.27
2023-11-28 12:00:00,12,False,0,80.31,2.4,4.8,22.4393063583815,0.24
2023-11-28 12:30:00,12,False,0,77.6,2.5,5.1,22.346820809248555,0.21
2023-11-28 13:00:00,13,False,0,74.89,2.6,5.4,22.254335260115607,2.11
2023-11-28 13:30:00,13,False,0,75.50999999999999,2.15,5.25,22.393063583815028,0.45
2023-11-28 14:00:00,14,False,0,76.13,1.7,5.1,22.53179190751445,1.94
2023-11-28 14:30:00,14,False,0,77.34,1.6,4.699999999999999,22.647398843930635,0.55
2023-11-28 15:00:00,15,False,3,78.55,1.5,4.3,22.76300578034682,0.6
2023-11-28 15:30:00,15,False,3,80.75,1.2,3.8,22.94797687861272,1.52
2023-11-28 16:00:00,16,False,3,82.95,0.9,3.3,23.13294797687861,0.55
2023-11-28 16:30:00,16,False,3,85.28999999999999,0.30000000000000004,2.8,23.387283236994215,0.52
2023-11-28 17:00:00,17,False,3,87.63,-0.3,2.3,23.641618497109825,0.6
2023-11-28 17:30:00,17,False,3,89.675,-0.55,2.15,23.734104046242773,0.68
2023-11-28 18:00:00,18,False,2,91.72,-0.8,2.0,23.82658959537572,0.76
2023-11-28 18:30:00,18,False,2,92.56,-1.1,1.85,23.930635838150287,0.84
2023-11-28 19:00:00,19,False,2,93.4,-1.4,1.7,24.034682080924856,0.92
2023-11-28 19:30:00,19,False,2,94.47,-1.75,1.6,24.13872832369942,1.0
2023-11-28 20:00:00,20,False,2,95.54,-2.1,1.5,24.242774566473987,0.96
2023-11-28 20:30:00,20,False,2,95.97,-2.05,1.3,24.277456647398843,0.92
2023-11-28 21:00:00,21,False,6,96.4,-2.0,1.1,24.3121387283237,0.88
2023-11-28 21:30:00,21,False,6,96.85,-2.2,0.9500000000000001,24.393063583815028,0.84
2023-11-28 22:00:00,22,False,6,97.3,-2.4,0.8,24.47398843930636,0.05
2023-11-28 22:30:00,22,False,6,95.11500000000001,-2.8,0.6000000000000001,24.61271676300578,0.18
2023-11-28 23:00:00,23,False,6,92.93,-3.2,0.4,24.751445086705203,0.3
2023-11-28 23:30:00,23,False,6,91.825,-3.25,0.050000000000000044,24.84393063583815,0.24
2023-11-29 00:00:00,0,True,1,90.72,-3.3,-0.3,24.936416184971097,0.01
2023-11-29 00:30:00,0,True,1,89.545,-3.65,-0.5,25.063583815028903,0.02
2023-11-29 01:00:00,1,True,1,88.37,-4.0,-0.7,25.190751445086704,0.03
2023-11-29 01:30:00,1,True,1,87.84,-4.05,-0.85,25.23699421965318,0.03
2023-11-29 02:00:00,2,True,1,87.31,-4.1,-1.0,25.283236994219653,0.12
2023-11-29 02:30:00,2,True,1,86.725,-4.3,-1.25,25.387283236994215,0.05
2023-11-29 03:00:00,3,True,1,86.14,-4.5,-1.5,25.491329479768787,0.05
2023-11-29 03:30:00,3,True,1,85.93,-4.7,-1.5,25.53757225433526,0.04
2023-11-29 04:00:00,4,True,1,85.72,-4.9,-1.5,25.583815028901736,0.04
2023-11-29 04:30:00,4,True,1,85.16,-5.050000000000001,-1.65,25.653179190751445,0.03
2023-11-29 05:00:00,5,False,1,84.6,-5.2,-1.8,25.72254335260116,0.3
2023-11-29 05:30:00,5,False,1,84.82499999999999,-5.300000000000001,-1.9,25.76878612716763,0.32
2023-11-29 06:00:00,6,False,5,85.05,-5.4,-2.0,25.815028901734102,0.35
2023-11-29 06:30:00,6,False,5,85.19999999999999,-5.7,-2.05,25.895953757225435,0.38
2023-11-29 07:00:00,7,False,5,85.35,-6.0,-2.1,25.976878612716764,0.4
2023-11-29 07:30:00,7,False,5,86.285,-5.9,-2.25,25.98843930635838,0.39
2023-11-29 08:00:00,8,False,5,87.22,-5.8,-2.4,26.0,1.92
2023-11-29 08:30:00,8,False,5,87.075,-5.75,-2.25,25.953757225433527,0.36
2023-11-29 09:00:00,9,False,4,86.93,-5.7,-2.1,25.90751445086705,0.05
2023-11-29 09:30:00,9,False,4,86.005,-5.0,-1.6,25.63005780346821,0.61
2023-11-29 10:00:00,10,False,4,85.08,-4.3,-1.1,25.352601156069365,0.18
2023-11-29 10:30:00,10,False,4,83.61,-3.55,-0.5,25.040462427745663,0.24
2023-11-29 11:00:00,11,False,4,82.14,-2.8,0.1,24.728323699421964,0.95
2023-11-29 11:30:00,11,False,4,82.11500000000001,-2.8,0.2,24.705202312138727,0.83
2023-11-29 12:00:00,12,False,0,82.09,-2.8,0.3,24.68208092485549,0.24
2023-11-29 12:30:00,12,False,0,80.74000000000001,-2.0999999999999996,0.7,24.427745664739884,0.21
2023-11-29 13:00:00,13,False,0,79.39,-1.4,1.1,24.17341040462428,0.4
2023-11-29 13:30:00,13,False,0,79.89,-1.6,0.9500000000000001,24.254335260115607,0.45
2023-11-29 14:00:00,14,False,0,80.39,-1.8,0.8,24.335260115606932,0.5
2023-11-29 14:30:00,14,False,0,80.11,-1.7000000000000002,0.8500000000000001,24.30057803468208,0.55
2023-11-29 15:00:00,15,False,3,79.83,-1.6,0.9,24.265895953757227,0.6
2023-11-29 15:30:00,15,False,3,83.12,-2.25,0.20000000000000007,24.57803468208093,0.57
2023-11-29 16:00:00,16,False,3,86.41,-2.9,-0.5,24.890173410404625,0.55
2023-11-29 16:30:00,16,False,3,88.68,-3.55,-0.85,25.121387283236995,0.52
2023-11-29 17:00:00,17,False,3,90.95,-4.2,-1.2,25.352601156069365,3.36
2023-11-29 17:30:00,17,False,3,90.13,-4.300000000000001,-1.35,25.410404624277454,0.68
2023-11-29 18:00:00,18,False,2,89.31,-4.4,-1.5,25.46820809248555,3.44
2023-11-29 18:30:00,18,False,2,90.41,-4.35,-1.6,25.479768786127167,0.84
2023-11-29 19:00:00,19,False,2,91.51,-4.3,-1.7,25.491329479768787,0.92
2023-11-29 19:30:00,19,False,2,91.28,-4.449999999999999,-1.65,25.514450867052023,1.0
2023-11-29 20:00:00,20,False,2,91.05,-4.6,-1.6,25.53757225433526,0.96
2023-11-29 20:30:00,20,False,2,90.715,-4.6,-1.75,25.57225433526012,0.92
2023-11-29 21:00:00,21,False,6,90.38,-4.6,-1.9,25.60693641618497,0.88
2023-11-29 21:30:00,21,False,6,89.74,-4.55,-1.85,25.583815028901736,0.84
2023-11-29 22:00:00,22,False,6,89.1,-4.5,-1.8,25.560693641618496,0.05
2023-11-29 22:30:00,22,False,6,90.10499999999999,-4.85,-1.65,25.60693641618497,0.18
2023-11-29 23:00:00,23,False,6,91.11,-5.2,-1.5,25.653179190751445,0.3
