datetime,Consumption (kWh),temp,feelslike,dew,humidity,precip,precipprob,windgust,windspeed,winddir,sealevelpressure,cloudcover,solarradiation,solarenergy,uvindex,icon
2023-11-01 00:00:00,0.02,7.8,5.9,7.7,99.11,0.235,100.0,15.7,11.0,104.0,997.4,87.6,0.0,0.0,0.0,rain
2023-11-01 01:00:00,0.01,8.0,6.0,7.8,99.11,0.528,100.0,16.1,11.3,120.0,996.2,100.0,0.0,0.0,0.0,rain
2023-11-01 02:00:00,0.01,8.3,5.6,8.1,99.04,0.701,100.0,23.3,16.4,113.0,994.7,100.0,0.0,0.0,0.0,rain
2023-11-01 03:00:00,0.01,8.6,5.5,8.4,99.15,0.742,100.0,28.5,20.5,123.0,993.0,100.0,0.0,0.0,0.0,rain
2023-11-01 04:00:00,0.01,8.9,5.8,8.8,99.3,0.768,100.0,31.4,22.4,128.0,991.3,100.0,0.0,0.0,0.0,rain
2023-11-01 05:00:00,0.33,9.4,6.5,9.2,98.86,0.385,100.0,29.4,21.0,138.0,989.9,100.0,0.0,0.0,0.0,rain
2023-11-01 06:00:00,0.01,9.8,7.3,9.6,98.34,0.135,100.0,28.6,18.8,132.0,988.4,100.0,0.0,0.0,0.0,rain
2023-11-01 07:00:00,1.63,10.2,10.2,10.1,98.96,0.135,100.0,29.8,21.8,145.0,987.3,100.0,0.0,0.0,0.0,rain
2023-11-01 08:00:00,0.02,10.8,10.8,10.4,97.56,0.583,100.0,32.7,20.9,176.0,987.2,100.0,112.0,0.4,1.0,rain
2023-11-01 09:00:00,0.03,10.7,10.7,10.1,95.84,0.383,100.0,36.3,22.1,204.0,987.0,83.2,56.0,0.2,1.0,rain
2023-11-01 10:00:00,0.02,11.3,11.3,9.3,87.43,0.0,0.0,35.5,22.6,196.0,986.5,72.6,6.0,0.0,0.0,partly-cloudy-day
2023-11-01 11:00:00,1.39,11.7,11.7,8.7,81.9,0.0,0.0,45.6,29.6,192.0,985.7,78.3,12.0,0.0,0.0,partly-cloudy-day
2023-11-01 12:00:00,0.01,11.9,11.9,8.2,78.02,0.0,0.0,49.4,30.5,196.0,985.0,89.7,11.0,0.0,0.0,partly-cloudy-day
2023-11-01 13:00:00,0.42,11.5,11.5,8.1,79.7,0.175,100.0,49.1,30.4,205.0,984.7,100.0,30.0,0.1,0.0,rain
2023-11-01 14:00:00,0.05,10.9,10.9,7.5,79.89,0.0,0.0,52.2,32.6,229.0,985.0,96.6,54.0,0.2,1.0,cloudy
2023-11-01 15:00:00,0.06,10.6,10.6,6.6,76.65,0.023,100.0,41.9,28.1,234.0,984.9,55.6,48.0,0.2,0.0,rain
2023-11-01 16:00:00,0.07,9.9,6.8,6.4,79.06,0.0,0.0,36.7,24.3,224.0,984.5,56.8,80.0,0.3,1.0,partly-cloudy-day
2023-11-01 17:00:00,0.41,8.7,5.5,5.5,79.99,0.035,100.0,33.8,23.3,218.0,984.7,45.1,0.0,0.0,0.0,rain
2023-11-01 18:00:00,0.07,7.9,4.5,4.5,78.98,0.0,0.0,33.4,22.9,214.0,984.5,29.2,0.0,0.0,0.0,partly-cloudy-night
2023-11-01 19:00:00,0.39,7.3,3.8,4.3,81.44,0.0,0.0,34.7,21.5,197.0,984.0,67.7,0.0,0.0,0.0,partly-cloudy-night
2023-11-01 20:00:00,0.45,6.6,3.1,4.2,85.0,0.0,0.0,28.4,19.7,194.0,983.0,3.1,0.0,0.0,0.0,clear-night
2023-11-01 21:00:00,0.12,6.1,2.6,4.4,88.56,0.0,0.0,29.7,19.4,174.0,981.7,45.0,0.0,0.0,0.0,partly-cloudy-night
2023-11-01 22:00:00,0.06,6.0,2.5,4.6,90.28,0.0,0.0,28.6,19.2,134.0,980.0,60.1,0.0,0.0,0.0,partly-cloudy-night
2023-11-01 23:00:00,0.06,5.9,2.3,4.7,91.95,0.0,0.0,26.5,19.7,135.0,978.1,91.6,0.0,0.0,0.0,cloudy
2023-11-02 00:00:00,0.39,5.9,2.4,5.2,95.18,0.206,100.0,26.7,18.5,110.0,976.0,100.0,0.0,0.0,0.0,rain
2023-11-02 01:00:00,0.05,6.1,2.0,5.7,97.37,0.744,100.0,33.9,24.1,98.0,973.0,100.0,0.0,0.0,0.0,rain
2023-11-02 02:00:00,0.06,6.4,2.3,6.0,97.33,1.739,100.0,39.5,25.4,81.0,970.1,98.3,0.0,0.0,0.0,rain
2023-11-02 03:00:00,0.35,6.8,2.8,6.5,98.22,2.198,100.0,38.5,25.2,83.0,967.8,100.0,0.0,0.0,0.0,rain
2023-11-02 04:00:00,0.06,7.1,3.5,6.9,98.2,1.749,100.0,37.2,22.9,71.0,965.8,100.0,0.0,0.0,0.0,rain
2023-11-02 05:00:00,0.06,7.6,4.4,7.4,98.12,1.162,100.0,31.9,20.4,72.0,964.1,100.0,0.0,0.0,0.0,rain
2023-11-02 06:00:00,0.04,8.0,5.0,7.8,98.19,0.848,100.0,28.0,18.6,68.0,963.0,100.0,0.0,0.0,0.0,rain
2023-11-02 07:00:00,0.65,8.4,5.8,8.1,98.19,0.452,100.0,24.5,16.1,67.0,962.5,100.0,0.0,0.0,0.0,rain
2023-11-02 08:00:00,0.99,8.4,5.9,8.1,98.15,0.829,100.0,22.4,15.4,35.0,962.4,100.0,56.0,0.2,1.0,rain
2023-11-02 09:00:00,0.05,8.6,6.6,8.4,98.38,0.193,100.0,20.9,12.5,19.0,962.2,100.0,112.0,0.4,1.0,rain
2023-11-02 10:00:00,0.05,8.9,6.6,8.5,97.58,0.16,100.0,22.4,14.7,351.0,962.4,100.0,3.0,0.0,0.0,rain
2023-11-02 11:00:00,0.19,9.1,6.5,8.8,97.75,0.523,100.0,28.3,17.5,347.0,962.8,100.0,7.0,0.0,0.0,rain
2023-11-02 12:00:00,0.02,9.3,6.6,8.8,96.79,0.946,100.0,30.8,18.8,336.0,963.2,100.0,5.0,0.0,0.0,rain
2023-11-02 13:00:00,0.02,9.0,6.2,8.6,97.26,1.149,100.0,31.4,19.7,321.0,963.9,100.0,9.0,0.0,0.0,rain
2023-11-02 14:00:00,0.33,8.9,6.1,8.5,97.09,0.516,100.0,29.8,19.7,320.0,964.7,100.0,5.0,0.0,0.0,rain
2023-11-02 15:00:00,0.11,9.0,6.3,8.7,97.44,1.392,100.0,30.7,18.7,311.0,965.7,100.0,1.0,0.0,0.0,rain
2023-11-02 16:00:00,0.45,8.8,5.8,8.4,96.73,1.564,100.0,33.8,21.6,309.0,966.9,100.0,0.0,0.0,0.0,rain
2023-11-02 17:00:00,0.16,8.6,5.7,8.3,98.05,1.599,100.0,31.9,19.6,307.0,968.0,100.0,0.0,0.0,0.0,rain
2023-11-02 18:00:00,1.47,8.5,5.4,8.2,98.02,1.351,100.0,32.2,21.4,299.0,969.3,100.0,0.0,0.0,0.0,rain
2023-11-02 19:00:00,0.04,8.5,5.3,8.1,97.65,1.288,100.0,31.6,21.5,295.0,970.2,100.0,0.0,0.0,0.0,rain
2023-11-02 20:00:00,0.39,8.4,4.9,7.7,95.34,0.451,100.0,36.3,24.3,290.0,971.1,100.0,0.0,0.0,0.0,rain
2023-11-02 21:00:00,0.03,8.3,4.8,7.4,94.15,0.174,100.0,41.1,25.4,288.0,971.9,100.0,0.0,0.0,0.0,rain
2023-11-02 22:00:00,0.03,8.2,4.7,7.4,94.35,0.105,100.0,39.1,24.9,285.0,972.4,100.0,0.0,0.0,0.0,rain
2023-11-02 23:00:00,0.03,8.2,4.7,7.2,93.69,0.349,100.0,37.0,23.6,283.0,972.9,100.0,0.0,0.0,0.0,rain
2023-11-03 00:00:00,0.03,7.9,4.3,7.1,94.51,0.123,100.0,40.3,25.4,279.0,973.8,100.0,0.0,0.0,0.0,rain
2023-11-03 01:00:00,0.22,7.7,4.0,6.8,93.96,0.035,100.0,42.5,25.3,275.0,974.3,100.0,0.0,0.0,0.0,rain
2023-11-03 02:00:00,0.02,7.7,3.8,6.6,92.73,0.09,100.0,42.5,28.1,279.0,974.9,100.0,0.0,0.0,0.0,rain
2023-11-03 03:00:00,0.02,7.5,3.4,6.3,91.83,0.107,100.0,41.9,29.0,273.0,975.1,68.1,0.0,0.0,0.0,rain
2023-11-03 04:00:00,0.26,7.4,3.5,6.2,91.85,0.018,100.0,38.0,26.8,273.0,975.5,74.3,0.0,0.0,0.0,rain
2023-11-03 05:00:00,0.02,7.4,3.7,6.2,91.77,0.018,100.0,37.9,24.8,275.0,975.9,89.7,0.0,0.0,0.0,rain
2023-11-03 06:00:00,0.01,7.2,3.8,6.0,92.14,0.035,100.0,31.3,21.2,276.0,976.6,53.7,0.0,0.0,0.0,rain
2023-11-03 07:00:00,0.54,7.2,3.7,6.2,93.51,0.0,0.0,32.0,20.9,265.0,977.3,76.3,0.0,0.0,0.0,partly-cloudy-night
2023-11-03 08:00:00,0.99,7.3,4.2,6.4,94.16,0.07,100.0,28.4,18.3,265.0,978.0,81.5,0.0,0.0,0.0,rain
2023-11-03 09:00:00,0.03,7.8,4.3,6.6,92.5,0.0,0.0,35.5,22.8,266.0,978.4,64.3,0.0,0.0,0.0,partly-cloudy-day
2023-11-03 10:00:00,0.39,8.7,5.4,6.9,88.42,0.0,0.0,35.1,23.7,260.0,978.9,62.3,334.0,1.2,3.0,partly-cloudy-day
2023-11-03 11:00:00,0.48,9.5,6.3,7.0,84.64,0.0,0.0,37.9,24.5,268.0,978.9,54.7,133.0,0.5,1.0,partly-cloudy-day
2023-11-03 12:00:00,0.08,10.3,10.3,7.2,81.44,0.0,0.0,39.8,26.4,267.0,979.2,79.4,314.0,1.1,3.0,partly-cloudy-day
2023-11-03 13:00:00,0.06,10.2,10.2,6.9,79.8,0.088,100.0,38.4,25.1,268.0,979.7,88.7,228.0,0.8,2.0,rain
2023-11-03 14:00:00,0.05,10.1,10.1,6.9,80.63,0.368,100.0,39.9,22.0,268.0,979.8,91.8,222.0,0.8,2.0,rain
2023-11-03 15:00:00,0.19,9.6,6.7,6.7,81.85,0.035,100.0,36.5,22.5,268.0,980.1,91.8,124.0,0.4,1.0,rain
2023-11-03 16:00:00,0.72,8.9,6.0,6.8,86.25,0.158,100.0,31.1,21.0,269.0,980.4,62.9,9.0,0.0,0.0,rain
2023-11-03 17:00:00,0.38,8.3,5.4,7.0,91.8,0.0,0.0,28.6,18.5,261.0,980.7,74.3,0.0,0.0,0.0,partly-cloudy-night
2023-11-03 18:00:00,0.86,8.0,5.1,6.7,91.95,0.303,100.0,25.7,17.3,270.0,980.9,93.8,0.0,0.0,0.0,rain
2023-11-03 19:00:00,0.06,7.8,4.5,6.8,93.16,0.386,100.0,32.8,21.8,263.0,980.8,77.4,0.0,0.0,0.0,rain
2023-11-03 20:00:00,0.37,7.8,4.5,6.8,93.55,0.708,100.0,32.2,20.8,261.0,980.8,87.6,0.0,0.0,0.0,rain
2023-11-03 21:00:00,0.06,7.7,4.8,6.7,93.83,0.423,100.0,26.1,17.3,255.0,980.5,81.5,0.0,0.0,0.0,rain
2023-11-03 22:00:00,0.05,7.5,4.5,6.8,95.13,0.071,100.0,25.2,17.8,250.0,980.3,91.8,0.0,0.0,0.0,rain
2023-11-03 23:00:00,0.05,7.6,4.7,7.0,95.93,0.404,100.0,25.3,17.2,246.0,980.2,100.0,0.0,0.0,0.0,rain
2023-11-04 00:00:00,0.3,7.3,4.2,6.6,95.3,0.053,100.0,27.1,18.1,243.0,979.8,87.3,0.0,0.0,0.0,rain
2023-11-04 01:00:00,0.04,6.6,3.8,5.8,94.89,0.0,0.0,23.4,15.0,235.0,978.9,21.3,0.0,0.0,0.0,partly-cloudy-night
2023-11-04 02:00:00,0.03,6.0,3.8,5.4,95.79,0.0,0.0,16.4,10.4,217.0,978.1,9.9,0.0,0.0,0.0,clear-night
2023-11-04 03:00:00,0.03,5.9,3.3,5.3,96.05,0.0,0.0,18.4,12.8,208.0,977.1,31.3,0.0,0.0,0.0,partly-cloudy-night
2023-11-04 04:00:00,0.04,5.4,3.4,4.7,95.39,0.0,0.0,13.6,9.0,183.0,975.9,77.8,0.0,0.0,0.0,partly-cloudy-night
2023-11-04 05:00:00,0.03,5.0,3.0,4.4,95.92,0.0,0.0,12.6,8.5,150.0,974.9,73.2,0.0,0.0,0.0,partly-cloudy-night
2023-11-04 06:00:00,0.02,4.8,1.9,4.5,98.18,0.0,0.0,17.9,12.6,140.0,974.1,100.0,0.0,0.0,0.0,cloudy
2023-11-04 07:00:00,0.05,4.3,1.4,4.2,99.04,0.0,0.0,15.8,12.4,116.0,972.8,100.0,0.0,0.0,0.0,cloudy
2023-11-04 08:00:00,0.35,4.7,1.5,4.5,98.77,0.058,100.0,19.5,14.4,108.0,971.6,77.8,29.0,0.1,0.0,rain
2023-11-04 09:00:00,0.47,5.1,1.8,4.8,98.25,0.0,0.0,21.5,15.8,108.0,970.5,100.0,23.0,0.1,0.0,cloudy
2023-11-04 10:00:00,1.76,5.3,2.2,5.0,98.04,0.684,100.0,22.3,14.8,106.0,969.8,100.0,40.0,0.1,0.0,rain
2023-11-04 11:00:00,1.66,5.5,1.9,5.3,98.45,0.651,100.0,28.1,18.3,96.0,968.3,100.0,86.0,0.3,1.0,rain
2023-11-04 12:00:00,0.14,5.8,2.3,5.5,97.52,0.398,100.0,27.9,18.8,90.0,966.4,100.0,54.0,0.2,1.0,rain
2023-11-04 13:00:00,0.49,6.2,2.5,5.7,96.82,0.344,100.0,30.6,20.6,84.0,965.6,100.0,61.0,0.2,1.0,rain
2023-11-04 14:00:00,0.16,6.5,2.8,6.1,97.92,0.553,100.0,31.6,21.0,71.0,964.9,100.0,40.0,0.1,0.0,rain
2023-11-04 15:00:00,0.16,6.6,3.1,6.4,98.35,0.485,100.0,29.3,20.3,70.0,964.7,100.0,32.0,0.1,0.0,rain
2023-11-04 16:00:00,0.25,6.6,3.2,6.4,98.59,0.48,100.0,29.1,18.4,65.0,964.6,100.0,0.0,0.0,0.0,rain
2023-11-04 17:00:00,0.25,6.6,3.7,6.4,98.62,0.977,100.0,25.8,15.2,57.0,964.6,100.0,0.0,0.0,0.0,rain
2023-11-04 18:00:00,0.62,6.7,3.5,6.4,98.13,0.632,100.0,27.5,17.2,55.0,964.8,100.0,0.0,0.0,0.0,rain
2023-11-04 19:00:00,1.26,6.8,3.6,6.5,98.37,0.565,100.0,27.3,17.5,46.0,964.8,100.0,0.0,0.0,0.0,rain
2023-11-04 20:00:00,1.15,6.8,4.3,6.6,98.43,0.531,100.0,25.7,12.9,42.0,965.0,100.0,0.0,0.0,0.0,rain
2023-11-04 21:00:00,0.2,6.8,3.8,6.7,98.98,0.556,100.0,24.6,16.3,15.0,965.6,100.0,0.0,0.0,0.0,rain
2023-11-04 22:00:00,0.18,6.9,4.0,6.7,98.2,0.325,100.0,24.0,16.2,13.0,965.9,100.0,0.0,0.0,0.0,rain
2023-11-04 23:00:00,0.41,7.1,4.2,6.7,97.37,0.018,100.0,23.8,15.4,353.0,966.6,100.0,0.0,0.0,0.0,rain
2023-11-05 00:00:00,0.15,7.1,4.2,6.5,96.1,0.023,100.0,24.3,15.5,342.0,967.5,100.0,0.0,0.0,0.0,rain
2023-11-05 01:00:00,0.13,7.1,4.3,6.4,95.4,0.0,0.0,23.4,15.0,329.0,968.1,100.0,0.0,0.0,0.0,cloudy
2023-11-05 02:00:00,0.44,7.0,4.0,6.5,96.26,0.124,100.0,25.1,17.1,326.0,969.1,84.6,0.0,0.0,0.0,rain
2023-11-05 03:00:00,0.14,7.0,3.9,6.2,94.51,0.023,100.0,28.0,18.1,322.0,970.1,100.0,0.0,0.0,0.0,rain
2023-11-05 04:00:00,0.15,6.7,3.7,6.1,95.8,0.0,0.0,26.9,16.7,310.0,971.2,100.0,0.0,0.0,0.0,cloudy
2023-11-05 05:00:00,0.15,6.7,3.2,5.8,94.15,0.035,100.0,28.4,19.9,311.0,972.4,100.0,0.0,0.0,0.0,rain
2023-11-05 06:00:00,0.14,6.5,3.0,5.4,92.88,0.034,100.0,28.5,19.0,312.0,973.7,88.4,0.0,0.0,0.0,rain
2023-11-05 07:00:00,0.13,5.7,2.5,4.9,94.65,0.0,0.0,25.5,15.4,300.0,975.1,73.9,0.0,0.0,0.0,partly-cloudy-night
2023-11-05 08:00:00,0.42,5.9,2.5,5.0,94.15,0.0,0.0,29.6,17.8,301.0,976.6,91.6,18.0,0.1,0.0,cloudy
2023-11-05 09:00:00,0.14,6.6,3.1,5.3,91.64,0.0,0.0,28.5,19.9,293.0,977.9,55.1,269.0,1.0,3.0,partly-cloudy-day
2023-11-05 10:00:00,0.47,7.5,4.8,5.8,89.23,0.0,0.0,22.7,14.9,284.0,979.0,42.7,352.0,1.3,4.0,partly-cloudy-day
2023-11-05 11:00:00,0.15,8.3,5.5,6.2,86.55,0.0,0.0,27.5,17.9,285.0,980.1,77.7,280.0,1.0,3.0,partly-cloudy-day
2023-11-05 12:00:00,0.15,9.2,6.2,6.3,82.1,0.018,100.0,32.8,21.4,278.0,981.1,79.4,104.0,0.4,1.0,rain
2023-11-05 13:00:00,0.43,8.7,6.2,6.3,85.13,0.053,100.0,27.2,15.8,293.0,982.0,97.9,58.0,0.2,1.0,rain
2023-11-05 14:00:00,1.36,9.3,6.9,6.3,81.29,0.018,100.0,25.1,17.1,277.0,982.6,79.4,173.0,0.6,2.0,rain
2023-11-05 15:00:00,1.26,9.2,6.8,6.5,83.63,0.0,0.0,23.4,15.7,278.0,983.5,85.6,97.0,0.3,1.0,partly-cloudy-day
2023-11-05 16:00:00,0.87,8.4,6.3,6.1,85.34,0.0,0.0,19.8,12.2,279.0,984.4,85.6,8.0,0.0,0.0,partly-cloudy-day
2023-11-05 17:00:00,0.47,7.6,4.9,5.7,88.0,0.068,100.0,22.2,15.3,257.0,985.2,39.8,0.0,0.0,0.0,rain
2023-11-05 18:00:00,0.96,7.2,4.6,5.7,90.15,0.0,0.0,21.2,14.0,241.0,986.0,78.4,0.0,0.0,0.0,partly-cloudy-night
2023-11-05 19:00:00,0.34,7.0,4.6,5.7,91.07,0.0,0.0,18.1,12.6,229.0,986.7,69.1,0.0,0.0,0.0,partly-cloudy-night
2023-11-05 20:00:00,0.57,6.9,4.3,5.9,93.1,0.0,0.0,18.7,14.1,229.0,987.3,63.3,0.0,0.0,0.0,partly-cloudy-night
2023-11-05 21:00:00,0.92,6.3,4.7,5.4,93.66,0.0,0.0,13.0,8.0,232.0,987.8,38.6,0.0,0.0,0.0,partly-cloudy-night
2023-11-05 22:00:00,0.28,6.2,3.5,5.3,93.98,0.0,0.0,22.2,13.8,226.0,988.3,59.9,0.0,0.0,0.0,partly-cloudy-night
2023-11-05 23:00:00,0.21,6.3,3.2,5.4,94.07,0.0,0.0,24.3,16.1,223.0,988.4,52.0,0.0,0.0,0.0,partly-cloudy-night
2023-11-06 00:00:00,0.49,6.5,3.4,5.6,93.99,0.0,0.0,25.1,16.9,222.0,988.7,58.8,0.0,0.0,0.0,partly-cloudy-night
2023-11-06 01:00:00,0.16,6.5,3.7,5.8,94.86,0.0,0.0,20.4,14.4,230.0,989.0,72.2,0.0,0.0,0.0,partly-cloudy-night
2023-11-06 02:00:00,0.41,6.5,3.5,5.8,95.3,0.023,100.0,23.6,15.3,229.0,989.5,76.3,0.0,0.0,0.0,rain
2023-11-06 03:00:00,0.14,6.5,3.3,6.0,96.28,0.148,100.0,27.3,17.0,235.0,989.9,75.9,0.0,0.0,0.0,rain
2023-11-06 04:00:00,0.14,6.3,3.0,5.7,95.38,0.09,100.0,28.0,18.0,241.0,990.6,72.9,0.0,0.0,0.0,rain
2023-11-06 05:00:00,0.14,6.0,2.8,5.1,93.63,0.023,100.0,27.0,16.1,233.0,991.0,66.8,0.0,0.0,0.0,rain
2023-11-06 06:00:00,0.28,6.1,2.7,5.5,96.44,0.045,100.0,28.6,17.6,237.0,991.4,62.4,0.0,0.0,0.0,rain
2023-11-06 07:00:00,1.26,6.1,2.5,5.4,95.22,1.048,100.0,30.7,20.0,232.0,991.9,54.0,0.0,0.0,0.0,rain
2023-11-06 08:00:00,0.47,6.4,3.0,5.6,94.65,0.474,100.0,29.4,18.6,240.0,992.6,69.1,90.0,0.3,1.0,rain
2023-11-06 09:00:00,0.14,6.8,3.3,5.8,92.96,0.293,100.0,29.9,20.4,244.0,993.1,51.0,207.0,0.7,2.0,rain
2023-11-06 10:00:00,0.24,7.9,4.3,6.3,89.58,0.041,100.0,39.2,24.3,242.0,993.9,54.0,255.0,0.9,3.0,rain
2023-11-06 11:00:00,0.13,8.6,5.2,6.5,86.76,0.0,0.0,38.9,24.5,250.0,994.6,62.4,371.0,1.3,4.0,partly-cloudy-day
2023-11-06 12:00:00,0.13,8.9,5.6,6.9,87.37,0.09,100.0,41.1,24.1,257.0,995.0,81.2,143.0,0.5,1.0,rain
2023-11-06 13:00:00,0.42,9.8,6.6,6.5,80.07,0.023,100.0,39.6,26.7,258.0,995.4,59.8,371.0,1.3,4.0,rain
2023-11-06 14:00:00,0.16,9.0,5.6,6.4,84.21,0.27,100.0,37.3,25.1,253.0,996.0,81.3,71.0,0.3,1.0,rain
2023-11-06 15:00:00,0.41,8.5,5.1,6.2,85.63,0.023,100.0,35.8,23.7,250.0,996.5,100.0,19.0,0.1,0.0,rain
2023-11-06 16:00:00,0.14,7.8,4.2,6.3,90.31,0.366,100.0,35.7,23.1,250.0,997.3,72.2,12.0,0.0,0.0,rain
2023-11-06 17:00:00,0.8,8.5,5.6,5.6,81.98,0.0,0.0,38.5,18.4,261.0,997.0,100.0,0.0,0.0,0.0,cloudy
2023-11-06 18:00:00,0.16,8.6,6.0,6.0,83.71,0.0,0.0,32.8,16.2,248.7,998.0,100.0,0.0,0.0,0.0,cloudy
2023-11-06 19:00:00,0.15,8.3,5.9,5.8,84.26,0.0,0.0,33.1,14.4,247.2,998.0,100.0,0.0,0.0,0.0,cloudy
2023-11-06 20:00:00,0.44,7.9,5.7,5.6,85.39,0.0,0.0,29.5,12.2,244.1,1000.0,100.0,0.0,0.0,0.0,cloudy
2023-11-06 21:00:00,0.14,6.9,3.5,5.9,93.19,1.442,100.0,28.7,19.9,246.0,1000.3,48.2,0.0,0.0,0.0,rain
2023-11-06 22:00:00,0.15,6.9,3.6,5.9,93.18,0.0,0.0,28.3,19.1,240.0,1000.7,54.7,0.0,0.0,0.0,partly-cloudy-night
2023-11-06 23:00:00,0.21,6.7,3.5,5.7,93.51,0.023,100.0,27.1,17.6,236.0,1001.2,69.1,0.0,0.0,0.0,rain
2023-11-07 00:00:00,0.84,6.7,3.7,5.9,94.33,0.023,100.0,25.4,16.8,237.0,1001.7,52.4,0.0,0.0,0.0,rain
2023-11-07 01:00:00,0.91,6.5,3.2,5.6,94.46,0.0,0.0,27.4,17.6,242.0,1002.1,49.2,0.0,0.0,0.0,partly-cloudy-night
2023-11-07 02:00:00,0.19,6.2,2.8,5.4,94.63,0.0,0.0,30.1,18.3,236.0,1002.3,39.6,0.0,0.0,0.0,partly-cloudy-night
2023-11-07 03:00:00,0.18,6.3,2.9,5.4,94.41,0.0,0.0,30.3,18.2,235.0,1002.4,55.4,0.0,0.0,0.0,partly-cloudy-night
2023-11-07 04:00:00,0.51,6.2,2.6,5.4,94.59,0.125,100.0,34.3,19.5,244.0,1002.4,62.4,0.0,0.0,0.0,rain
2023-11-07 05:00:00,0.18,6.0,2.4,5.5,96.12,0.385,100.0,30.4,19.9,241.0,1002.7,69.1,0.0,0.0,0.0,rain
2023-11-07 06:00:00,0.16,6.0,2.6,5.6,97.49,0.546,100.0,27.8,17.9,247.0,1002.9,69.1,0.0,0.0,0.0,rain
2023-11-07 07:00:00,0.73,6.4,3.0,5.9,96.98,0.037,100.0,29.7,18.7,251.0,1003.1,95.9,5.0,0.0,0.0,rain
2023-11-07 08:00:00,0.18,6.7,3.3,6.1,96.47,0.052,100.0,29.0,18.8,254.0,1003.6,84.6,78.0,0.3,1.0,rain
2023-11-07 09:00:00,0.17,7.5,4.2,6.7,95.15,0.138,100.0,29.1,20.3,259.0,1004.2,85.6,280.0,1.0,3.0,rain
2023-11-07 10:00:00,0.16,8.2,4.5,7.0,92.1,0.018,100.0,37.7,26.3,261.0,1004.7,66.0,247.0,0.9,2.0,rain
2023-11-07 11:00:00,0.15,8.5,5.2,7.0,90.07,0.193,100.0,36.8,23.4,269.0,1005.3,79.4,292.0,1.1,3.0,rain
2023-11-07 12:00:00,0.73,9.4,6.3,7.5,87.96,0.561,100.0,36.0,23.8,277.0,1005.6,93.8,163.0,0.6,2.0,rain
2023-11-07 13:00:00,0.14,9.7,6.5,7.4,85.61,0.127,100.0,38.9,25.3,277.0,1005.5,91.8,205.0,0.7,2.0,rain
2023-11-07 14:00:00,0.54,9.6,6.7,6.9,83.4,0.018,100.0,34.1,22.2,277.0,1005.8,60.6,81.0,0.3,1.0,rain
2023-11-07 15:00:00,0.13,9.6,7.0,6.4,80.57,0.0,0.0,33.3,18.1,273.0,1006.2,59.9,66.0,0.2,1.0,partly-cloudy-day
2023-11-07 16:00:00,0.45,8.9,6.7,6.6,85.4,0.067,100.0,23.3,14.2,266.0,1006.8,77.4,9.0,0.0,0.0,rain
2023-11-07 17:00:00,0.24,7.9,5.0,6.4,90.27,0.018,100.0,30.2,18.2,263.0,1007.2,47.6,0.0,0.0,0.0,rain
2023-11-07 18:00:00,0.35,7.3,4.4,5.8,90.21,0.0,0.0,24.6,16.6,252.0,1007.6,38.5,0.0,0.0,0.0,partly-cloudy-night
2023-11-07 19:00:00,0.2,7.2,4.3,6.1,92.76,0.0,0.0,24.2,16.2,255.0,1008.0,42.2,0.0,0.0,0.0,partly-cloudy-night
2023-11-07 20:00:00,0.15,6.6,3.8,5.4,92.53,0.045,100.0,22.8,14.1,241.0,1008.0,16.5,0.0,0.0,0.0,rain
2023-11-07 21:00:00,1.53,6.4,3.3,5.6,94.6,0.0,0.0,23.4,16.4,241.0,1007.9,62.6,0.0,0.0,0.0,partly-cloudy-night
2023-11-07 22:00:00,0.15,6.0,2.9,5.0,93.81,0.09,100.0,23.6,15.5,240.0,1007.9,67.7,0.0,0.0,0.0,rain
2023-11-07 23:00:00,0.59,5.8,3.2,4.9,93.77,0.0,0.0,21.6,12.4,234.0,1007.8,62.8,0.0,0.0,0.0,partly-cloudy-night
2023-11-08 00:00:00,0.19,5.5,2.7,4.7,94.6,0.0,0.0,21.2,13.3,221.0,1007.6,47.6,0.0,0.0,0.0,partly-cloudy-night
2023-11-08 01:00:00,0.41,5.9,2.7,5.0,93.49,0.0,0.0,23.9,16.6,222.0,1007.1,100.0,0.0,0.0,0.0,cloudy
2023-11-08 02:00:00,0.16,6.1,2.9,5.0,92.41,0.0,0.0,25.9,16.6,207.0,1006.4,100.0,0.0,0.0,0.0,cloudy
2023-11-08 03:00:00,0.14,6.4,3.2,4.6,88.72,0.0,0.0,24.9,16.8,201.0,1005.5,100.0,0.0,0.0,0.0,cloudy
2023-11-08 04:00:00,0.14,6.2,2.8,5.1,92.88,0.053,100.0,25.3,18.1,178.0,1004.3,98.3,0.0,0.0,0.0,rain
2023-11-08 05:00:00,0.14,6.5,3.0,5.5,93.41,0.567,100.0,28.5,19.5,170.0,1003.0,100.0,0.0,0.0,0.0,rain
2023-11-08 06:00:00,0.14,6.7,2.8,5.8,94.46,0.927,100.0,34.0,23.1,163.0,1001.5,100.0,0.0,0.0,0.0,rain
2023-11-08 07:00:00,1.57,7.0,2.9,6.5,96.47,0.587,100.0,40.9,27.2,164.0,999.8,100.0,0.0,0.0,0.0,rain
2023-11-08 08:00:00,0.37,7.6,3.4,7.1,96.28,0.169,100.0,45.2,31.6,180.0,998.6,100.0,14.0,0.1,0.0,rain
2023-11-08 09:00:00,0.13,8.5,4.4,8.0,96.47,0.347,100.0,49.6,32.5,190.0,997.5,100.0,17.0,0.1,0.0,rain
2023-11-08 10:00:00,0.14,9.8,6.4,9.0,94.79,0.484,100.0,47.9,29.9,219.0,997.5,96.6,23.0,0.1,0.0,rain
2023-11-08 11:00:00,0.82,9.0,5.6,8.2,94.59,0.193,100.0,42.2,25.5,261.0,997.9,100.0,29.0,0.1,0.0,rain
2023-11-08 12:00:00,0.23,8.5,5.1,7.0,89.83,0.125,100.0,39.3,24.4,276.0,998.8,89.7,99.0,0.4,1.0,rain
2023-11-08 13:00:00,0.26,8.6,5.4,6.1,84.41,0.0,0.0,33.6,22.3,274.0,999.6,93.8,140.0,0.5,1.0,cloudy
2023-11-08 14:00:00,0.17,8.4,5.4,5.4,81.4,0.034,100.0,33.5,19.9,274.0,999.9,75.2,91.0,0.3,1.0,rain
2023-11-08 15:00:00,0.14,8.0,4.9,4.2,76.93,0.0,0.0,30.4,20.1,272.0,1000.1,46.7,47.0,0.2,0.0,partly-cloudy-day
2023-11-08 16:00:00,0.2,7.4,4.8,3.8,77.75,0.0,0.0,24.4,15.2,254.0,1000.4,31.4,8.0,0.0,0.0,partly-cloudy-day
2023-11-08 17:00:00,1.2,6.8,3.9,3.5,79.36,0.0,0.0,21.6,15.3,244.0,1000.7,57.0,0.0,0.0,0.0,partly-cloudy-night
2023-11-08 18:00:00,0.17,6.1,3.3,3.7,84.17,0.0,0.0,20.4,14.0,231.0,1001.0,31.3,0.0,0.0,0.0,partly-cloudy-night
2023-11-08 19:00:00,0.16,5.6,3.1,3.0,83.32,0.0,0.0,18.1,11.8,219.0,1000.9,53.2,0.0,0.0,0.0,partly-cloudy-night
2023-11-08 20:00:00,0.4,5.9,2.6,3.2,82.94,0.0,0.0,23.8,16.6,214.0,1000.7,100.0,0.0,0.0,0.0,cloudy
2023-11-08 21:00:00,0.49,5.9,2.4,3.2,82.71,0.0,0.0,25.9,18.6,214.0,1000.2,64.2,0.0,0.0,0.0,partly-cloudy-night
2023-11-08 22:00:00,0.17,6.1,2.3,3.2,81.53,0.0,0.0,30.6,21.4,209.0,999.6,78.4,0.0,0.0,0.0,partly-cloudy-night
2023-11-08 23:00:00,0.23,6.2,2.3,3.4,81.95,0.0,0.0,32.6,23.0,209.0,999.2,60.9,0.0,0.0,0.0,partly-cloudy-night
2023-11-09 00:00:00,0.17,6.0,2.2,3.8,85.92,0.023,100.0,32.0,21.0,209.0,998.6,100.0,0.0,0.0,0.0,rain
2023-11-09 01:00:00,0.18,6.2,2.1,4.0,86.17,0.0,0.0,35.3,24.1,207.0,998.0,96.6,0.0,0.0,0.0,cloudy
2023-11-09 02:00:00,0.48,6.0,2.1,4.3,88.34,0.035,100.0,31.6,22.8,207.0,997.3,100.0,0.0,0.0,0.0,rain
2023-11-09 03:00:00,0.17,5.9,2.0,4.4,90.39,0.0,0.0,31.6,21.3,209.0,996.7,91.8,0.0,0.0,0.0,cloudy
2023-11-09 04:00:00,0.17,5.7,2.0,4.2,90.03,0.0,0.0,27.8,19.9,211.0,996.0,86.5,0.0,0.0,0.0,partly-cloudy-night
2023-11-09 05:00:00,0.46,5.4,1.7,4.3,92.8,0.018,100.0,27.8,18.9,208.0,995.4,70.2,0.0,0.0,0.0,rain
2023-11-09 06:00:00,0.16,5.4,2.6,4.6,95.05,0.0,0.0,19.7,12.6,199.0,995.0,97.9,0.0,0.0,0.0,cloudy
2023-11-09 07:00:00,1.07,5.6,2.1,4.2,91.23,0.0,0.0,25.2,17.5,202.0,994.5,93.8,0.0,0.0,0.0,cloudy
2023-11-09 08:00:00,0.91,5.7,2.4,4.5,92.17,0.0,0.0,24.6,16.9,205.0,994.3,100.0,16.0,0.1,0.0,cloudy
2023-11-09 09:00:00,0.14,5.9,2.4,4.4,90.18,0.035,100.0,27.9,18.4,206.0,994.0,91.8,76.0,0.3,1.0,rain
2023-11-09 10:00:00,0.34,6.5,2.8,4.8,89.16,0.0,0.0,32.3,21.4,208.0,993.7,81.3,85.0,0.3,1.0,partly-cloudy-day
2023-11-09 11:00:00,0.43,7.5,4.0,4.8,82.99,0.0,0.0,33.6,22.4,218.0,993.5,87.3,231.0,0.8,2.0,partly-cloudy-day
2023-11-09 12:00:00,0.14,7.3,4.0,4.3,81.18,0.0,0.0,30.8,20.0,215.0,992.3,88.3,63.0,0.2,1.0,partly-cloudy-day
2023-11-09 13:00:00,0.46,7.4,3.7,3.7,77.55,0.018,100.0,37.3,24.1,214.0,991.6,100.0,202.0,0.7,2.0,rain
2023-11-09 14:00:00,0.14,7.1,3.7,4.0,80.52,0.092,100.0,34.2,21.1,215.0,990.8,86.6,135.0,0.5,1.0,rain
2023-11-09 15:00:00,0.14,6.7,3.4,4.2,84.28,0.274,100.0,28.3,18.1,205.0,990.2,100.0,59.0,0.2,1.0,rain
2023-11-09 16:00:00,0.26,6.1,3.1,4.1,87.09,0.433,100.0,27.1,15.5,196.0,989.7,100.0,0.0,0.0,0.0,rain
2023-11-09 17:00:00,0.63,5.7,2.8,4.0,88.93,0.018,100.0,23.2,14.3,190.0,989.3,79.3,0.0,0.0,0.0,rain
2023-11-09 18:00:00,0.17,5.4,2.3,4.0,90.41,0.0,0.0,26.5,15.2,196.0,989.3,83.8,0.0,0.0,0.0,partly-cloudy-night
2023-11-09 19:00:00,0.15,5.4,2.1,4.3,92.32,0.07,100.0,24.9,16.5,211.0,989.2,96.9,0.0,0.0,0.0,rain
2023-11-09 20:00:00,0.16,5.4,1.7,4.4,93.25,0.094,100.0,30.3,18.9,229.0,989.3,100.0,0.0,0.0,0.0,rain
2023-11-09 21:00:00,0.15,5.1,1.7,4.2,93.61,0.166,100.0,25.5,16.1,249.0,989.4,100.0,0.0,0.0,0.0,rain
2023-11-09 22:00:00,0.15,5.1,1.5,4.2,94.39,0.193,100.0,26.7,17.5,247.0,989.7,79.4,0.0,0.0,0.0,rain
2023-11-09 23:00:00,0.14,5.0,1.4,4.1,93.93,0.09,100.0,28.2,18.1,264.0,989.7,74.3,0.0,0.0,0.0,rain
2023-11-10 00:00:00,0.14,5.0,2.0,4.2,94.71,0.07,100.0,20.1,13.7,242.0,989.7,93.6,0.0,0.0,0.0,rain
2023-11-10 01:00:00,0.13,4.9,2.7,4.3,95.71,0.115,100.0,15.2,9.3,242.0,989.8,100.0,0.0,0.0,0.0,rain
2023-11-10 02:00:00,0.14,4.9,2.6,4.1,94.95,0.092,100.0,14.6,9.6,243.0,989.9,100.0,0.0,0.0,0.0,rain
2023-11-10 03:00:00,0.13,4.7,1.4,3.7,93.23,0.0,0.0,24.1,14.8,270.0,990.0,100.0,0.0,0.0,0.0,cloudy
2023-11-10 04:00:00,0.15,4.3,1.9,3.8,96.25,0.428,100.0,15.0,9.7,248.0,989.8,66.7,0.0,0.0,0.0,rain
2023-11-10 05:00:00,0.14,3.8,1.4,3.5,98.17,0.195,100.0,11.6,8.9,345.0,989.9,84.9,0.0,0.0,0.0,rain
2023-11-10 06:00:00,0.45,3.5,1.4,3.4,99.17,0.0,0.0,10.2,8.1,276.0,990.1,70.0,0.0,0.0,0.0,partly-cloudy-night
2023-11-10 07:00:00,0.18,3.8,2.0,3.7,99.6,0.0,0.0,10.8,7.1,279.0,991.0,81.5,0.0,0.0,0.0,partly-cloudy-night
2023-11-10 08:00:00,0.86,3.4,1.2,3.4,99.6,0.0,0.0,10.6,8.3,329.0,992.1,41.0,52.0,0.2,1.0,partly-cloudy-day
2023-11-10 09:00:00,0.48,4.0,1.5,3.8,98.88,0.0,0.0,13.4,9.7,316.0,993.6,51.3,37.0,0.1,0.0,partly-cloudy-day
2023-11-10 10:00:00,0.37,5.2,2.9,4.6,95.36,0.0,0.0,14.6,10.3,316.0,994.7,69.0,186.0,0.7,2.0,partly-cloudy-day
2023-11-10 11:00:00,0.49,6.2,3.6,4.0,85.46,0.0,0.0,20.8,13.1,330.0,995.6,37.6,376.0,1.4,4.0,partly-cloudy-day
2023-11-10 12:00:00,1.03,6.7,3.9,3.8,81.63,0.0,0.0,23.9,14.8,314.0,996.5,49.8,229.0,0.8,2.0,partly-cloudy-day
2023-11-10 13:00:00,0.17,7.4,4.6,4.0,79.1,0.0,0.0,27.2,15.6,316.0,997.1,46.2,341.0,1.2,3.0,partly-cloudy-day
2023-11-10 14:00:00,0.2,7.3,4.3,3.4,76.26,0.0,0.0,26.5,17.6,312.0,998.1,47.7,79.0,0.3,1.0,partly-cloudy-day
2023-11-10 15:00:00,0.47,6.9,4.0,3.1,76.35,0.0,0.0,26.2,15.9,295.0,999.2,69.4,136.0,0.5,1.0,partly-cloudy-day
2023-11-10 16:00:00,1.03,5.9,2.9,2.6,79.17,0.0,0.0,24.5,15.3,292.0,1000.0,30.6,11.0,0.0,0.0,partly-cloudy-day
2023-11-10 17:00:00,0.18,4.9,1.3,2.2,82.64,0.0,0.0,26.1,17.8,292.0,1000.7,3.2,0.0,0.0,0.0,clear-night
2023-11-10 18:00:00,0.19,4.6,1.1,2.7,87.02,0.0,0.0,26.1,16.7,308.0,1001.2,20.9,0.0,0.0,0.0,partly-cloudy-night
2023-11-10 19:00:00,0.28,4.6,1.1,2.9,88.67,0.0,0.0,22.3,16.1,293.0,1001.8,33.4,0.0,0.0,0.0,partly-cloudy-night
2023-11-10 20:00:00,0.38,4.0,0.8,2.4,89.29,0.0,0.0,18.5,13.4,287.0,1002.5,33.4,0.0,0.0,0.0,partly-cloudy-night
2023-11-10 21:00:00,0.18,3.9,0.4,2.4,89.93,0.0,0.0,20.7,15.2,271.0,1002.9,33.4,0.0,0.0,0.0,partly-cloudy-night
2023-11-10 22:00:00,0.2,4.0,1.0,2.8,92.2,0.0,0.0,17.4,12.1,288.0,1003.2,33.4,0.0,0.0,0.0,partly-cloudy-night
2023-11-10 23:00:00,0.16,4.0,1.2,3.3,95.01,0.0,0.0,17.8,11.4,265.0,1003.4,50.6,0.0,0.0,0.0,partly-cloudy-night
2023-11-11 00:00:00,0.44,4.0,1.0,3.4,95.61,0.035,100.0,17.7,12.5,259.0,1003.7,48.5,0.0,0.0,0.0,rain
2023-11-11 01:00:00,0.15,4.2,1.5,3.5,95.28,0.07,100.0,18.2,10.9,296.0,1003.7,33.4,0.0,0.0,0.0,rain
2023-11-11 02:00:00,0.15,4.1,1.1,3.6,96.78,0.034,100.0,17.9,12.2,286.0,1004.3,33.4,0.0,0.0,0.0,rain
2023-11-11 03:00:00,0.43,3.4,0.7,2.9,96.49,0.0,0.0,15.2,10.6,318.0,1004.9,41.9,0.0,0.0,0.0,partly-cloudy-night
2023-11-11 04:00:00,0.15,3.7,0.4,3.0,95.32,0.0,0.0,18.6,13.6,301.0,1005.1,44.1,0.0,0.0,0.0,partly-cloudy-night
2023-11-11 05:00:00,0.15,3.4,0.6,2.7,95.36,0.0,0.0,15.9,10.6,286.0,1005.5,33.4,0.0,0.0,0.0,partly-cloudy-night
2023-11-11 06:00:00,0.14,2.9,-0.5,2.3,95.67,0.0,0.0,17.9,13.0,300.0,1006.0,31.8,0.0,0.0,0.0,partly-cloudy-night
2023-11-11 07:00:00,0.15,2.8,-0.2,1.8,92.51,0.0,0.0,16.1,11.5,320.0,1006.7,14.4,0.0,0.0,0.0,clear-night
2023-11-11 08:00:00,0.14,2.8,0.0,1.6,91.93,0.0,0.0,14.5,10.0,334.0,1007.2,11.2,60.0,0.2,1.0,clear-day
2023-11-11 09:00:00,0.48,3.8,1.1,2.4,90.11,0.018,100.0,14.5,11.0,339.0,1007.3,0.0,183.0,0.7,2.0,rain
2023-11-11 10:00:00,0.46,5.8,3.9,3.5,85.05,0.0,0.0,11.8,8.8,282.0,1007.6,0.0,272.0,1.0,3.0,clear-day
2023-11-11 11:00:00,0.75,7.0,5.3,3.6,78.92,0.0,0.0,13.6,8.8,276.0,1008.0,0.0,343.0,1.2,3.0,clear-day
2023-11-11 12:00:00,0.35,7.9,6.5,4.0,76.07,0.0,0.0,14.0,8.2,289.0,1007.9,3.2,222.0,0.8,2.0,clear-day
2023-11-11 13:00:00,0.5,8.4,7.3,3.6,71.63,0.0,0.0,13.7,7.3,316.0,1007.5,0.0,412.0,1.5,4.0,clear-day
2023-11-11 14:00:00,0.16,8.4,8.4,3.5,71.35,0.0,0.0,6.3,4.1,325.0,1007.5,0.0,70.0,0.3,1.0,clear-day
2023-11-11 15:00:00,0.16,8.1,8.1,3.4,72.08,0.0,0.0,5.4,2.9,31.0,1007.1,10.3,96.0,0.3,1.0,clear-day
2023-11-11 16:00:00,0.14,6.9,6.9,2.8,75.16,0.0,0.0,3.8,2.9,77.0,1007.0,0.0,7.0,0.0,0.0,clear-day
2023-11-11 17:00:00,0.16,5.3,5.3,2.9,84.63,0.0,0.0,5.2,3.3,177.0,1007.5,26.8,0.0,0.0,0.0,partly-cloudy-night
2023-11-11 18:00:00,0.64,4.7,4.7,2.6,86.12,0.0,0.0,5.1,3.1,146.0,1007.3,29.8,0.0,0.0,0.0,partly-cloudy-night
2023-11-11 19:00:00,0.91,4.7,3.3,3.1,89.08,0.0,0.0,8.3,6.4,91.0,1006.8,64.2,0.0,0.0,0.0,partly-cloudy-night
2023-11-11 20:00:00,0.44,4.8,2.6,3.1,88.57,0.0,0.0,12.0,9.3,99.0,1006.3,51.5,0.0,0.0,0.0,partly-cloudy-night
2023-11-11 21:00:00,0.9,4.8,2.2,3.4,90.63,0.0,0.0,14.4,11.1,103.0,1005.8,51.5,0.0,0.0,0.0,partly-cloudy-night
2023-11-11 22:00:00,0.15,4.3,1.2,3.0,91.04,0.0,0.0,17.2,13.3,105.0,1005.4,20.6,0.0,0.0,0.0,partly-cloudy-night
2023-11-11 23:00:00,0.47,3.3,0.3,2.5,94.37,0.0,0.0,15.6,11.9,93.0,1005.0,18.5,0.0,0.0,0.0,clear-night
2023-11-12 00:00:00,0.14,2.9,-0.3,2.3,96.33,0.0,0.0,14.5,11.7,102.0,1004.8,20.6,0.0,0.0,0.0,partly-cloudy-night
2023-11-12 01:00:00,0.14,3.0,-0.1,2.7,97.55,0.0,0.0,15.8,11.7,105.0,1004.7,48.2,0.0,0.0,0.0,partly-cloudy-night
2023-11-12 02:00:00,0.13,2.9,-0.6,2.7,98.42,0.0,0.0,17.1,13.9,108.0,1004.2,30.1,0.0,0.0,0.0,partly-cloudy-night
2023-11-12 03:00:00,0.14,2.9,-0.1,2.8,98.86,0.0,0.0,17.3,11.5,95.0,1004.1,30.1,0.0,0.0,0.0,partly-cloudy-night
2023-11-12 04:00:00,0.14,3.1,-0.3,3.0,98.99,0.0,0.0,18.6,13.6,98.0,1003.9,73.8,0.0,0.0,0.0,partly-cloudy-night
2023-11-12 05:00:00,0.13,2.8,-0.3,2.7,99.39,0.0,0.0,16.0,11.5,105.0,1003.6,81.2,0.0,0.0,0.0,partly-cloudy-night
2023-11-12 06:00:00,0.14,2.9,-0.9,2.8,99.6,0.034,100.0,19.0,15.2,111.0,1003.4,88.3,0.0,0.0,0.0,rain
2023-11-12 07:00:00,0.14,3.0,-0.3,3.0,99.54,0.0,0.0,17.8,13.2,108.0,1003.4,100.0,0.0,0.0,0.0,cloudy
2023-11-12 08:00:00,0.14,3.4,0.0,3.2,99.07,0.0,0.0,19.9,13.5,108.0,1003.7,100.0,19.0,0.1,0.0,cloudy
2023-11-12 09:00:00,0.48,3.6,-0.2,3.4,98.67,0.0,0.0,22.2,16.2,114.0,1004.0,100.0,53.0,0.2,1.0,cloudy
2023-11-12 10:00:00,0.14,4.0,0.4,3.8,98.38,0.035,100.0,21.9,16.0,123.0,1004.3,100.0,69.0,0.2,1.0,rain
2023-11-12 11:00:00,0.14,4.3,0.3,4.1,98.96,0.248,100.0,25.3,19.0,121.0,1003.9,100.0,94.0,0.3,1.0,rain
2023-11-12 12:00:00,0.14,4.5,0.6,4.4,99.12,0.052,100.0,25.1,18.8,124.0,1003.2,100.0,84.0,0.3,1.0,rain
2023-11-12 13:00:00,0.13,4.8,1.3,4.6,98.47,0.144,100.0,22.3,16.1,125.0,1002.8,100.0,53.0,0.2,1.0,rain
2023-11-12 14:00:00,0.15,5.1,1.2,4.8,97.87,0.425,100.0,27.4,20.0,123.0,1002.5,100.0,54.0,0.2,1.0,rain
2023-11-12 15:00:00,0.15,5.3,1.1,5.0,97.99,0.465,100.0,31.6,23.1,130.0,1001.8,96.9,44.0,0.2,0.0,rain
2023-11-12 16:00:00,0.44,5.4,1.2,5.2,98.29,0.207,100.0,33.1,24.1,131.0,1001.7,100.0,0.0,0.0,0.0,rain
2023-11-12 17:00:00,0.81,5.6,1.5,5.4,98.81,0.381,100.0,30.8,22.6,134.0,1001.4,100.0,0.0,0.0,0.0,rain
2023-11-12 18:00:00,0.16,5.8,1.9,5.8,99.38,0.538,100.0,31.9,22.5,144.0,1001.6,100.0,0.0,0.0,0.0,rain
2023-11-12 19:00:00,0.09,6.1,2.6,6.0,99.26,0.61,100.0,27.0,19.2,157.0,1001.7,100.0,0.0,0.0,0.0,rain
2023-11-12 20:00:00,1.56,6.5,3.7,6.4,99.17,0.429,100.0,21.0,14.5,158.0,1001.8,100.0,0.0,0.0,0.0,rain
2023-11-12 21:00:00,0.91,6.9,4.6,6.8,99.39,0.0,0.0,17.3,11.9,180.0,1002.0,93.3,0.0,0.0,0.0,cloudy
2023-11-12 22:00:00,0.02,7.2,5.1,7.1,99.33,0.0,0.0,18.2,11.1,188.0,1001.4,84.9,0.0,0.0,0.0,partly-cloudy-night
2023-11-12 23:00:00,0.02,7.3,5.2,7.2,99.14,0.0,0.0,18.1,11.3,203.0,1001.2,100.0,0.0,0.0,0.0,cloudy
2023-11-13 00:00:00,0.01,7.2,5.1,7.0,99.23,0.0,0.0,15.0,10.6,187.0,1000.8,100.0,0.0,0.0,0.0,cloudy
2023-11-13 01:00:00,0.02,7.9,5.5,7.7,98.76,0.0,0.0,18.5,13.5,167.0,1000.2,100.0,0.0,0.0,0.0,cloudy
2023-11-13 02:00:00,0.34,7.8,5.5,7.3,96.65,0.09,100.0,20.2,13.1,174.0,999.2,100.0,0.0,0.0,0.0,rain
2023-11-13 03:00:00,0.01,7.8,5.0,7.3,96.91,0.035,100.0,23.8,16.4,144.0,997.9,100.0,0.0,0.0,0.0,rain
2023-11-13 04:00:00,0.02,8.0,4.8,7.8,98.64,0.48,100.0,30.6,21.0,156.0,996.3,100.0,0.0,0.0,0.0,rain
2023-11-13 05:00:00,0.34,7.9,4.2,7.8,98.7,0.7,100.0,36.4,26.1,143.0,993.8,100.0,0.0,0.0,0.0,rain
2023-11-13 06:00:00,0.02,7.9,3.4,7.4,96.83,0.482,100.0,53.1,36.1,141.0,991.4,100.0,0.0,0.0,0.0,rain
2023-11-13 07:00:00,0.29,7.7,2.9,7.4,97.81,0.577,100.0,55.5,39.7,137.0,988.7,100.0,0.0,0.0,0.0,rain
2023-11-13 08:00:00,0.02,8.4,4.4,8.1,98.15,1.006,100.0,46.0,31.6,163.0,987.7,100.0,5.0,0.0,0.0,rain
2023-11-13 09:00:00,0.03,10.2,10.2,9.5,95.51,0.699,100.0,35.0,20.5,212.0,987.4,84.9,132.0,0.5,1.0,rain
2023-11-13 10:00:00,0.33,10.9,10.9,7.0,76.87,0.0,0.0,63.2,37.9,239.0,987.6,76.3,255.0,0.9,3.0,partly-cloudy-day
2023-11-13 11:00:00,0.01,10.7,10.7,6.7,75.9,0.0,0.0,63.9,40.8,239.0,987.9,93.3,364.0,1.3,4.0,cloudy
2023-11-13 12:00:00,0.32,10.8,10.8,5.9,71.56,0.023,100.0,72.5,46.5,239.0,987.9,81.5,366.0,1.3,4.0,rain
2023-11-13 13:00:00,0.06,10.7,10.7,5.8,71.54,0.0,0.0,71.4,45.6,240.0,987.9,100.0,263.0,0.9,3.0,cloudy
2023-11-13 14:00:00,0.05,10.5,10.5,5.8,73.06,0.045,100.0,78.9,49.2,242.0,988.3,96.9,99.0,0.4,1.0,rain
2023-11-13 15:00:00,0.05,10.7,10.7,5.5,70.51,0.339,100.0,87.2,52.9,250.0,989.1,100.0,58.0,0.2,1.0,rain
2023-11-13 16:00:00,1.55,10.0,10.0,6.0,75.98,0.452,100.0,74.3,48.9,261.0,990.4,96.9,45.0,0.2,0.0,rain
2023-11-13 17:00:00,0.28,9.6,5.1,6.6,81.77,0.383,100.0,79.2,46.2,261.0,991.7,46.4,0.0,0.0,0.0,rain
2023-11-13 18:00:00,0.99,9.8,5.6,6.9,81.97,0.361,100.0,69.5,43.7,261.0,992.6,57.4,0.0,0.0,0.0,rain
2023-11-13 19:00:00,0.12,10.0,10.0,7.1,82.27,0.429,100.0,64.4,40.7,258.0,993.9,98.3,0.0,0.0,0.0,rain
2023-11-13 20:00:00,0.07,9.7,5.6,7.4,85.89,0.205,100.0,57.3,39.5,263.0,994.8,69.0,0.0,0.0,0.0,rain
2023-11-13 21:00:00,0.07,9.3,5.2,8.0,91.6,1.493,100.0,59.0,35.9,267.0,995.7,63.8,0.0,0.0,0.0,rain
2023-11-13 22:00:00,0.06,9.5,5.8,8.2,91.77,1.465,100.0,47.3,31.1,262.0,996.3,96.8,0.0,0.0,0.0,rain
2023-11-13 23:00:00,0.05,9.5,6.0,8.1,90.97,0.52,100.0,45.2,28.6,258.0,996.9,65.1,0.0,0.0,0.0,rain
2023-11-14 00:00:00,0.05,9.4,6.0,7.9,90.37,0.383,100.0,43.0,27.0,254.0,997.5,67.8,0.0,0.0,0.0,rain
2023-11-14 01:00:00,0.05,9.3,6.1,7.6,89.21,0.226,100.0,40.7,24.5,250.0,998.2,89.9,0.0,0.0,0.0,rain
2023-11-14 02:00:00,0.04,9.6,6.3,7.6,87.64,0.339,100.0,42.8,26.0,250.0,998.4,72.2,0.0,0.0,0.0,rain
2023-11-14 03:00:00,0.05,9.4,6.4,7.7,88.55,0.0,0.0,36.6,23.3,245.0,998.6,74.1,0.0,0.0,0.0,partly-cloudy-night
2023-11-14 04:00:00,0.05,9.1,6.3,7.6,90.26,0.0,0.0,32.1,20.3,242.0,998.5,84.6,0.0,0.0,0.0,partly-cloudy-night
2023-11-14 05:00:00,0.04,9.0,6.1,7.4,89.81,0.035,100.0,32.1,21.1,237.0,999.0,82.8,0.0,0.0,0.0,rain
2023-11-14 06:00:00,0.05,8.7,5.5,7.3,91.26,0.023,100.0,32.3,22.0,235.0,999.0,60.5,0.0,0.0,0.0,rain
2023-11-14 07:00:00,1.52,8.6,5.8,7.4,91.85,0.045,100.0,30.1,18.2,233.0,998.6,98.3,0.0,0.0,0.0,rain
2023-11-14 08:00:00,0.03,8.6,5.5,7.4,92.72,0.068,100.0,30.0,20.6,231.0,999.0,93.3,56.0,0.2,1.0,rain
2023-11-14 09:00:00,0.09,8.5,5.6,7.5,93.56,0.524,100.0,28.5,18.7,230.0,999.1,67.8,69.0,0.2,1.0,rain
2023-11-14 10:00:00,0.03,8.8,6.6,8.0,94.7,0.217,100.0,21.9,13.8,234.0,999.3,72.2,90.0,0.3,1.0,rain
2023-11-14 11:00:00,0.38,9.5,7.4,8.3,92.33,0.0,0.0,22.1,14.1,247.0,999.1,69.7,84.0,0.3,1.0,partly-cloudy-day
2023-11-14 12:00:00,0.02,9.6,7.6,8.4,92.15,0.339,100.0,22.1,13.7,253.0,999.3,72.6,97.0,0.3,1.0,rain
2023-11-14 13:00:00,0.32,10.1,10.1,8.5,89.96,0.113,100.0,26.0,16.1,261.0,999.5,100.0,285.0,1.0,3.0,rain
2023-11-14 14:00:00,0.02,10.0,7.6,8.5,90.44,0.018,100.0,26.8,17.0,262.0,1000.1,77.4,218.0,0.8,2.0,rain
2023-11-14 15:00:00,0.02,9.8,7.5,8.4,91.12,0.349,100.0,26.6,16.5,272.0,1000.8,89.6,41.0,0.1,0.0,rain
2023-11-14 16:00:00,1.68,9.4,6.7,8.3,92.88,0.412,100.0,31.4,19.6,276.0,1001.9,100.0,0.0,0.0,0.0,rain
2023-11-14 17:00:00,0.08,9.1,6.0,7.7,90.97,0.115,100.0,32.9,22.8,272.0,1002.9,66.0,0.0,0.0,0.0,rain
2023-11-14 18:00:00,1.7,9.0,5.6,7.6,91.35,0.148,100.0,38.1,24.9,271.0,1004.0,72.2,0.0,0.0,0.0,rain
2023-11-14 19:00:00,0.22,8.7,5.5,7.7,93.61,0.626,100.0,32.1,22.8,265.0,1004.7,93.8,0.0,0.0,0.0,rain
2023-11-14 20:00:00,0.22,8.5,5.6,7.8,95.05,0.403,100.0,29.1,19.1,264.0,1005.5,100.0,0.0,0.0,0.0,rain
2023-11-14 21:00:00,1.71,9.4,6.8,7.1,85.55,0.0,0.0,36.7,18.0,264.9,1006.0,100.0,0.0,0.0,0.0,cloudy
2023-11-14 22:00:00,1.08,8.6,5.3,7.8,94.71,0.145,100.0,34.0,23.4,264.0,1007.0,78.4,0.0,0.0,0.0,rain
2023-11-14 23:00:00,1.83,8.5,5.4,7.4,92.36,0.148,100.0,32.5,21.8,265.0,1007.8,93.8,0.0,0.0,0.0,rain
2023-11-15 00:00:00,0.91,8.3,5.0,7.2,92.58,0.0,0.0,34.1,22.9,260.0,1008.3,77.4,0.0,0.0,0.0,partly-cloudy-night
2023-11-15 01:00:00,0.15,8.4,5.1,7.1,91.48,0.041,100.0,37.6,22.6,257.0,1008.7,96.9,0.0,0.0,0.0,rain
2023-11-15 02:00:00,0.49,8.4,4.7,7.1,91.38,0.0,0.0,40.5,27.0,261.0,1009.2,84.6,0.0,0.0,0.0,partly-cloudy-night
2023-11-15 03:00:00,0.14,8.2,4.4,6.9,91.23,0.334,100.0,43.6,28.4,259.0,1009.4,72.2,0.0,0.0,0.0,rain
2023-11-15 04:00:00,0.26,8.0,4.1,6.8,92.03,0.225,100.0,45.7,28.8,263.0,1009.7,84.6,0.0,0.0,0.0,rain
2023-11-15 05:00:00,0.14,7.9,3.8,6.3,90.0,0.023,100.0,45.2,29.8,260.0,1010.1,69.7,0.0,0.0,0.0,rain
2023-11-15 06:00:00,0.42,7.6,3.6,6.3,91.62,0.225,100.0,45.5,28.3,258.0,1010.6,69.0,0.0,0.0,0.0,rain
2023-11-15 07:00:00,0.61,7.6,3.4,6.1,89.67,0.068,100.0,48.1,31.7,263.0,1011.0,96.9,0.0,0.0,0.0,rain
2023-11-15 08:00:00,0.14,7.6,4.2,5.6,87.11,0.0,0.0,35.6,22.0,259.0,1011.5,93.8,24.0,0.1,0.0,cloudy
2023-11-15 09:00:00,0.13,7.6,3.3,6.2,90.75,0.09,100.0,47.4,31.5,264.0,1012.0,93.8,96.0,0.3,1.0,rain
2023-11-15 10:00:00,0.13,7.9,3.6,6.3,89.83,0.023,100.0,48.8,32.9,267.0,1012.4,69.1,88.0,0.3,1.0,rain
2023-11-15 11:00:00,0.74,8.2,4.1,6.4,88.27,0.023,100.0,47.3,31.7,275.0,1013.0,100.0,311.0,1.1,3.0,rain
2023-11-15 12:00:00,0.14,7.9,4.6,5.2,83.05,0.0,0.0,42.5,20.5,280.0,1014.2,100.0,277.0,1.0,3.0,cloudy
2023-11-15 13:00:00,0.14,8.5,4.4,6.0,84.55,0.023,100.0,52.8,33.4,271.0,1014.0,100.0,262.0,0.9,3.0,rain
2023-11-15 14:00:00,0.59,8.5,4.7,6.0,84.31,0.09,100.0,43.6,29.1,273.0,1014.5,81.5,106.0,0.4,1.0,rain
2023-11-15 15:00:00,0.14,8.1,4.5,5.8,84.96,0.18,100.0,39.7,25.3,274.0,1014.9,49.8,76.0,0.3,1.0,rain
2023-11-15 16:00:00,2.0,7.9,4.4,5.9,87.28,0.018,100.0,39.4,23.2,274.0,1015.3,78.4,0.0,0.0,0.0,rain
2023-11-15 17:00:00,0.72,7.6,3.9,5.8,88.38,0.0,0.0,37.1,25.0,275.0,1015.7,100.0,0.0,0.0,0.0,cloudy
2023-11-15 18:00:00,0.65,7.6,4.0,6.1,90.22,0.131,100.0,36.5,23.3,275.0,1016.0,84.6,0.0,0.0,0.0,rain
2023-11-15 19:00:00,0.4,7.3,4.0,6.1,92.6,0.035,100.0,31.0,19.7,269.0,1016.3,96.9,0.0,0.0,0.0,rain
2023-11-15 20:00:00,0.15,7.1,4.1,6.0,92.45,0.045,100.0,25.8,17.2,271.0,1016.2,100.0,0.0,0.0,0.0,rain
2023-11-15 21:00:00,0.2,7.0,3.9,5.8,92.09,0.045,100.0,27.0,17.8,272.0,1016.4,81.5,0.0,0.0,0.0,rain
2023-11-15 22:00:00,0.56,6.7,3.8,5.5,92.29,0.0,0.0,23.2,15.5,262.0,1016.5,76.3,0.0,0.0,0.0,partly-cloudy-night
2023-11-15 23:00:00,0.19,6.2,3.7,5.1,92.44,0.09,100.0,18.8,12.3,256.0,1016.4,85.2,0.0,0.0,0.0,rain
2023-11-16 00:00:00,0.18,5.7,2.9,4.8,93.69,0.0,0.0,18.5,13.4,305.0,1016.4,81.5,0.0,0.0,0.0,partly-cloudy-night
2023-11-16 01:00:00,0.17,5.1,2.6,4.3,94.96,0.0,0.0,14.5,10.7,319.0,1015.7,71.2,0.0,0.0,0.0,partly-cloudy-night
2023-11-16 02:00:00,0.17,5.1,3.2,4.3,94.51,0.0,0.0,11.7,8.1,328.0,1015.3,100.0,0.0,0.0,0.0,cloudy
2023-11-16 03:00:00,0.16,4.7,3.5,4.0,95.03,0.0,0.0,9.5,5.7,15.0,1014.9,86.4,0.0,0.0,0.0,partly-cloudy-night
2023-11-16 04:00:00,0.17,4.8,3.7,4.4,97.31,0.0,0.0,8.1,5.4,15.0,1014.2,65.2,0.0,0.0,0.0,partly-cloudy-night
2023-11-16 05:00:00,0.17,4.9,2.9,4.6,97.86,0.0,0.0,11.7,8.7,85.0,1013.6,75.7,0.0,0.0,0.0,partly-cloudy-night
2023-11-16 06:00:00,0.16,5.1,3.5,4.8,98.04,0.0,0.0,10.0,6.9,95.0,1013.3,100.0,0.0,0.0,0.0,cloudy
2023-11-16 07:00:00,1.64,5.3,3.3,4.9,97.91,0.023,100.0,13.1,8.7,67.0,1012.7,96.8,0.0,0.0,0.0,rain
2023-11-16 08:00:00,1.2,5.1,2.6,4.9,98.3,0.0,0.0,16.2,11.3,98.0,1012.9,100.0,5.0,0.0,0.0,cloudy
2023-11-16 09:00:00,0.17,5.3,2.8,5.1,98.65,0.0,0.0,16.2,10.8,67.0,1013.3,100.0,10.0,0.0,0.0,cloudy
2023-11-16 10:00:00,0.17,5.5,3.5,5.3,98.6,0.0,0.0,12.9,9.0,104.0,1013.4,82.4,39.0,0.1,0.0,partly-cloudy-day
2023-11-16 11:00:00,0.5,5.8,4.1,5.6,98.29,0.09,100.0,10.9,7.8,94.0,1013.3,76.1,54.0,0.2,1.0,rain
2023-11-16 12:00:00,0.16,6.1,4.1,5.8,98.23,0.0,0.0,12.8,9.3,104.0,1013.2,96.8,46.0,0.2,0.0,cloudy
2023-11-16 13:00:00,0.16,6.4,6.4,5.9,96.82,0.0,0.0,5.8,3.3,38.0,1013.3,100.0,53.0,0.2,1.0,cloudy
2023-11-16 14:00:00,0.8,6.7,6.7,6.0,95.38,0.0,0.0,7.2,4.6,25.0,1013.4,100.0,67.0,0.2,1.0,cloudy
2023-11-16 15:00:00,0.52,6.8,6.8,5.9,94.27,0.0,0.0,7.5,4.5,265.0,1014.2,100.0,20.0,0.1,0.0,cloudy
2023-11-16 16:00:00,0.87,6.5,6.5,5.6,94.45,0.0,0.0,7.9,4.0,282.0,1014.4,100.0,0.0,0.0,0.0,cloudy
2023-11-16 17:00:00,0.04,6.1,5.2,5.4,95.49,0.0,0.0,7.1,5.2,266.0,1014.7,100.0,0.0,0.0,0.0,cloudy
2023-11-16 18:00:00,0.05,5.7,4.6,5.1,95.64,0.0,0.0,7.4,5.7,246.0,1014.9,100.0,0.0,0.0,0.0,cloudy
2023-11-16 19:00:00,0.04,5.7,4.7,5.0,95.54,0.0,0.0,8.3,5.6,229.0,1015.1,100.0,0.0,0.0,0.0,cloudy
2023-11-16 20:00:00,0.28,5.4,4.3,4.8,95.98,0.0,0.0,8.5,5.7,194.0,1014.9,96.8,0.0,0.0,0.0,cloudy
2023-11-16 21:00:00,0.09,5.5,3.6,4.7,94.55,0.0,0.0,12.4,8.6,226.0,1014.9,100.0,0.0,0.0,0.0,cloudy
2023-11-16 22:00:00,0.04,5.8,3.9,4.7,92.71,0.018,100.0,13.7,8.8,301.0,1015.1,100.0,0.0,0.0,0.0,rain
2023-11-16 23:00:00,0.02,5.6,4.0,4.5,92.62,0.359,100.0,11.7,7.4,226.0,1015.2,100.0,0.0,0.0,0.0,rain
2023-11-17 00:00:00,0.02,5.3,1.9,4.5,94.18,0.108,100.0,25.2,17.1,218.0,1015.3,100.0,0.0,0.0,0.0,rain
2023-11-17 01:00:00,0.01,5.1,2.4,4.2,93.83,0.241,100.0,18.8,12.0,213.0,1015.1,100.0,0.0,0.0,0.0,rain
2023-11-17 02:00:00,0.02,5.2,2.7,4.4,94.57,0.035,100.0,17.0,11.3,219.0,1015.1,100.0,0.0,0.0,0.0,rain
2023-11-17 03:00:00,0.02,5.1,2.2,4.5,96.37,0.184,100.0,22.9,12.9,239.0,1015.2,100.0,0.0,0.0,0.0,rain
2023-11-17 04:00:00,0.02,4.9,1.6,4.3,95.73,0.018,100.0,23.9,15.1,236.0,1015.4,84.6,0.0,0.0,0.0,rain
2023-11-17 05:00:00,0.3,4.6,1.0,4.0,95.38,0.037,100.0,26.4,17.4,254.0,1015.8,48.2,0.0,0.0,0.0,rain
2023-11-17 06:00:00,0.02,4.3,1.1,3.7,95.84,0.0,0.0,20.5,13.8,254.0,1016.2,23.6,0.0,0.0,0.0,partly-cloudy-night
2023-11-17 07:00:00,1.19,3.8,1.8,3.2,95.39,0.0,0.0,13.8,8.0,303.0,1016.6,17.6,0.0,0.0,0.0,clear-night
2023-11-17 08:00:00,1.75,3.9,0.9,3.3,95.93,0.034,100.0,17.5,12.1,313.0,1017.2,35.8,34.0,0.1,0.0,rain
2023-11-17 09:00:00,0.02,4.5,2.5,3.5,93.3,0.0,0.0,13.9,8.1,252.0,1017.8,48.2,142.0,0.5,1.0,partly-cloudy-day
2023-11-17 10:00:00,0.99,5.6,4.4,4.2,90.48,0.0,0.0,10.6,6.3,235.0,1018.1,49.9,77.0,0.3,1.0,partly-cloudy-day
2023-11-17 11:00:00,0.01,7.2,5.9,4.7,84.01,0.0,0.0,12.6,7.2,240.0,1018.8,73.5,292.0,1.1,3.0,partly-cloudy-day
2023-11-17 12:00:00,0.15,7.8,5.6,4.9,81.95,0.0,0.0,17.8,11.9,237.0,1018.8,9.4,297.0,1.1,3.0,clear-day
2023-11-17 13:00:00,0.14,8.3,6.7,4.7,78.33,0.0,0.0,15.3,9.5,245.0,1018.9,52.8,285.0,1.0,3.0,partly-cloudy-day
2023-11-17 14:00:00,0.34,8.2,6.3,4.8,79.35,0.0,0.0,16.8,11.2,241.0,1018.9,63.3,65.0,0.2,1.0,partly-cloudy-day
2023-11-17 15:00:00,0.31,7.3,5.8,4.7,83.47,0.0,0.0,12.1,8.3,224.0,1019.1,53.0,39.0,0.1,0.0,partly-cloudy-day
2023-11-17 16:00:00,1.17,6.7,4.8,4.8,87.17,0.0,0.0,14.7,10.1,259.0,1019.2,69.1,0.0,0.0,0.0,partly-cloudy-day
2023-11-17 17:00:00,0.03,6.2,4.4,4.7,90.29,0.0,0.0,11.8,8.3,189.0,1019.4,69.5,0.0,0.0,0.0,partly-cloudy-night
2023-11-17 18:00:00,0.27,6.2,4.0,4.8,91.23,0.0,0.0,15.1,10.5,193.0,1019.6,73.1,0.0,0.0,0.0,partly-cloudy-night
2023-11-17 19:00:00,0.02,6.3,4.0,4.9,90.72,0.0,0.0,17.1,11.1,187.0,1019.3,100.0,0.0,0.0,0.0,cloudy
2023-11-17 20:00:00,0.01,6.3,3.8,4.9,91.0,0.0,0.0,17.2,12.3,186.0,1018.8,100.0,0.0,0.0,0.0,cloudy
2023-11-17 21:00:00,0.08,6.2,3.5,4.8,90.56,0.0,0.0,19.4,13.4,171.0,1018.0,96.8,0.0,0.0,0.0,cloudy
2023-11-17 22:00:00,0.68,6.4,3.3,4.9,90.6,0.0,0.0,22.8,15.7,179.0,1017.8,100.0,0.0,0.0,0.0,cloudy
2023-11-17 23:00:00,0.02,6.3,3.3,5.2,93.06,0.09,100.0,20.8,15.4,169.0,1017.5,100.0,0.0,0.0,0.0,rain
2023-11-18 00:00:00,0.35,6.3,3.3,5.7,96.18,0.544,100.0,23.0,15.3,158.0,1016.6,96.9,0.0,0.0,0.0,rain
2023-11-18 01:00:00,0.01,6.2,2.6,5.6,96.49,0.681,100.0,29.0,19.6,157.0,1015.3,100.0,0.0,0.0,0.0,rain
2023-11-18 02:00:00,0.02,6.1,1.8,5.7,97.59,1.2,100.0,36.9,26.6,143.0,1013.7,100.0,0.0,0.0,0.0,rain
2023-11-18 03:00:00,0.01,6.0,1.5,5.8,98.63,1.851,100.0,43.5,29.3,142.0,1012.3,100.0,0.0,0.0,0.0,rain
2023-11-18 04:00:00,0.02,6.1,1.5,6.0,98.74,2.191,100.0,43.1,30.8,142.0,1010.3,100.0,0.0,0.0,0.0,rain
2023-11-18 05:00:00,0.04,6.4,2.2,6.3,98.74,1.625,100.0,39.0,26.8,150.0,1008.9,100.0,0.0,0.0,0.0,rain
2023-11-18 06:00:00,0.02,7.0,3.0,6.8,98.75,0.982,100.0,36.7,26.3,158.0,1007.7,100.0,0.0,0.0,0.0,rain
2023-11-18 07:00:00,0.02,8.2,4.8,7.8,97.37,0.237,100.0,35.8,23.0,173.0,1006.3,100.0,0.0,0.0,0.0,rain
2023-11-18 08:00:00,0.02,9.3,6.4,9.0,98.36,0.0,0.0,34.9,20.5,196.0,1005.8,100.0,0.0,0.0,0.0,cloudy
2023-11-18 09:00:00,0.02,11.0,11.0,10.4,96.38,0.023,100.0,36.3,25.1,212.0,1005.5,100.0,19.0,0.1,0.0,rain
2023-11-18 10:00:00,1.5,11.6,11.6,11.0,95.71,0.023,100.0,35.9,24.6,222.0,1005.3,96.6,26.0,0.1,0.0,rain
2023-11-18 11:00:00,1.23,12.1,12.1,11.3,94.91,0.0,0.0,36.3,25.3,223.0,1005.0,98.3,91.0,0.3,1.0,cloudy
2023-11-18 12:00:00,0.16,12.8,12.8,11.5,91.77,0.0,0.0,33.7,23.5,217.0,1004.4,100.0,37.0,0.1,0.0,cloudy
2023-11-18 13:00:00,0.14,13.2,13.2,11.6,90.25,0.0,0.0,36.2,22.2,225.0,1004.1,100.0,85.0,0.3,1.0,cloudy
2023-11-18 14:00:00,1.02,12.9,12.9,11.3,89.66,0.0,0.0,36.3,23.9,226.0,1003.7,93.3,67.0,0.2,1.0,cloudy
2023-11-18 15:00:00,0.33,12.6,12.6,11.2,91.07,0.0,0.0,33.6,22.5,231.0,1003.3,95.9,38.0,0.1,0.0,cloudy
2023-11-18 16:00:00,0.94,12.6,12.6,10.0,84.43,0.0,0.0,46.1,27.2,241.0,1002.9,69.3,16.0,0.1,0.0,partly-cloudy-day
2023-11-18 17:00:00,1.68,12.2,12.2,9.7,84.45,0.102,100.0,43.3,27.0,233.0,1002.7,85.6,0.0,0.0,0.0,rain
2023-11-18 18:00:00,0.98,11.8,11.8,9.5,85.67,0.0,0.0,42.0,25.7,232.0,1002.8,81.5,0.0,0.0,0.0,partly-cloudy-night
2023-11-18 19:00:00,0.68,11.5,11.5,9.1,85.05,0.0,0.0,42.7,28.1,235.0,1002.7,96.9,0.0,0.0,0.0,cloudy
2023-11-18 20:00:00,0.51,11.1,11.1,8.7,85.3,0.018,100.0,44.3,29.0,231.0,1002.6,100.0,0.0,0.0,0.0,rain
2023-11-18 21:00:00,0.51,10.9,10.9,8.7,86.3,0.0,0.0,39.6,23.1,230.0,1002.5,72.0,0.0,0.0,0.0,partly-cloudy-night
2023-11-18 22:00:00,0.72,10.6,10.6,8.3,85.62,0.0,0.0,39.1,23.5,226.0,1002.2,68.1,0.0,0.0,0.0,partly-cloudy-night
2023-11-18 23:00:00,0.15,10.5,10.5,8.0,84.8,0.0,0.0,38.9,22.8,236.0,1002.0,78.4,0.0,0.0,0.0,partly-cloudy-night
2023-11-19 00:00:00,0.47,10.3,10.3,7.8,84.36,0.0,0.0,44.4,24.7,240.0,1001.9,70.2,0.0,0.0,0.0,partly-cloudy-night
2023-11-19 01:00:00,0.14,10.3,10.3,7.6,83.8,0.0,0.0,37.7,22.3,236.0,1001.7,78.4,0.0,0.0,0.0,partly-cloudy-night
2023-11-19 02:00:00,0.14,10.1,10.1,7.7,85.1,0.0,0.0,41.5,24.7,235.0,1001.5,93.8,0.0,0.0,0.0,cloudy
2023-11-19 03:00:00,0.14,10.1,10.1,7.8,85.85,0.018,100.0,42.0,25.5,230.0,1001.4,100.0,0.0,0.0,0.0,rain
2023-11-19 04:00:00,0.14,9.8,6.7,7.8,87.66,0.0,0.0,39.3,24.2,235.0,1001.1,71.3,0.0,0.0,0.0,partly-cloudy-night
2023-11-19 05:00:00,0.13,9.7,6.5,7.9,88.56,0.058,100.0,38.0,25.7,234.0,1001.2,100.0,0.0,0.0,0.0,rain
2023-11-19 06:00:00,0.13,9.6,6.5,7.8,88.43,0.035,100.0,35.8,24.5,231.0,1001.0,100.0,0.0,0.0,0.0,rain
2023-11-19 07:00:00,0.13,9.5,6.3,8.0,90.48,0.018,100.0,39.9,25.1,231.0,1001.1,100.0,0.0,0.0,0.0,rain
2023-11-19 08:00:00,0.14,9.7,6.6,8.2,90.21,0.0,0.0,37.7,24.8,226.0,1001.1,100.0,14.0,0.1,0.0,cloudy
2023-11-19 09:00:00,0.37,9.9,6.7,8.4,90.16,0.023,100.0,42.4,27.0,231.0,1001.1,100.0,35.0,0.1,0.0,rain
2023-11-19 10:00:00,0.8,10.2,10.2,8.8,91.25,0.092,100.0,37.3,25.9,223.0,1000.9,100.0,37.0,0.1,0.0,rain
2023-11-19 11:00:00,0.18,10.3,10.3,9.1,92.21,0.218,100.0,34.8,23.8,220.0,1000.6,100.0,40.0,0.1,0.0,rain
2023-11-19 12:00:00,0.19,10.7,10.7,9.6,92.82,0.492,100.0,38.6,25.1,223.0,1000.1,100.0,53.0,0.2,1.0,rain
2023-11-19 13:00:00,0.19,10.9,10.9,10.1,94.86,0.447,100.0,35.7,24.2,230.0,999.9,100.0,47.0,0.2,0.0,rain
2023-11-19 14:00:00,2.31,11.3,11.3,10.6,95.6,0.686,100.0,39.9,23.9,239.0,1000.0,100.0,28.0,0.1,0.0,rain
2023-11-19 15:00:00,0.85,11.3,11.3,10.7,96.32,0.895,100.0,42.7,26.0,253.0,1000.2,100.0,29.0,0.1,0.0,rain
2023-11-19 16:00:00,0.95,11.2,11.2,10.3,94.13,0.513,100.0,46.6,29.9,264.0,1000.9,100.0,0.0,0.0,0.0,rain
2023-11-19 17:00:00,0.26,10.9,10.9,10.0,94.33,0.199,100.0,48.9,30.9,264.0,1001.8,100.0,0.0,0.0,0.0,rain
2023-11-19 18:00:00,0.58,10.7,10.7,9.9,95.27,0.228,100.0,49.1,29.5,264.0,1002.8,100.0,0.0,0.0,0.0,rain
2023-11-19 19:00:00,0.94,10.3,10.3,9.5,94.29,0.058,100.0,45.5,30.9,265.0,1003.7,100.0,0.0,0.0,0.0,rain
2023-11-19 20:00:00,0.15,10.0,6.7,9.0,93.84,0.113,100.0,42.4,27.6,258.0,1004.4,100.0,0.0,0.0,0.0,rain
2023-11-19 21:00:00,1.05,9.6,6.3,8.5,92.54,0.08,100.0,43.2,27.2,257.0,1005.2,100.0,0.0,0.0,0.0,rain
2023-11-19 22:00:00,0.14,9.3,5.8,8.1,92.21,0.045,100.0,44.4,28.4,258.0,1005.6,100.0,0.0,0.0,0.0,rain
2023-11-19 23:00:00,0.48,8.9,5.5,7.7,92.06,0.059,100.0,38.2,25.7,254.0,1005.8,84.6,0.0,0.0,0.0,rain
2023-11-20 00:00:00,0.36,8.6,5.1,7.1,90.6,0.023,100.0,39.7,25.5,253.0,1006.0,100.0,0.0,0.0,0.0,rain
2023-11-20 01:00:00,0.14,8.3,5.2,6.3,87.36,0.0,0.0,31.4,19.8,253.0,1005.8,69.1,0.0,0.0,0.0,partly-cloudy-night
2023-11-20 02:00:00,0.19,7.8,4.7,5.9,87.8,0.0,0.0,29.5,19.5,244.0,1005.6,57.5,0.0,0.0,0.0,partly-cloudy-night
2023-11-20 03:00:00,0.16,7.5,4.6,5.9,89.76,0.023,100.0,26.1,16.5,234.0,1005.4,85.6,0.0,0.0,0.0,rain
2023-11-20 04:00:00,0.14,7.3,5.0,5.9,90.69,0.0,0.0,20.4,12.9,244.0,1005.2,100.0,0.0,0.0,0.0,cloudy
2023-11-20 05:00:00,0.14,7.3,4.7,6.0,91.4,0.0,0.0,21.5,14.0,234.0,1005.3,100.0,0.0,0.0,0.0,cloudy
2023-11-20 06:00:00,0.45,7.1,4.7,6.2,93.52,0.0,0.0,21.0,12.7,236.0,1005.3,89.7,0.0,0.0,0.0,partly-cloudy-night
2023-11-20 07:00:00,1.56,7.0,4.2,6.3,94.99,0.0,0.0,20.4,15.4,247.0,1005.8,91.8,0.0,0.0,0.0,cloudy
2023-11-20 08:00:00,0.14,6.9,4.2,6.3,95.93,0.0,0.0,21.7,15.0,262.0,1006.4,83.0,19.0,0.1,0.0,partly-cloudy-day
2023-11-20 09:00:00,0.13,7.4,4.5,6.9,96.39,0.0,0.0,24.2,16.7,261.0,1006.8,100.0,134.0,0.5,1.0,cloudy
2023-11-20 10:00:00,0.18,8.4,5.8,7.5,93.64,0.0,0.0,26.5,16.3,276.0,1007.3,84.6,239.0,0.9,2.0,partly-cloudy-day
2023-11-20 11:00:00,0.29,8.9,6.2,8.0,94.0,0.09,100.0,26.2,18.5,279.0,1007.6,72.2,259.0,0.9,3.0,rain
2023-11-20 12:00:00,0.14,9.6,7.2,8.6,93.8,0.107,100.0,22.4,16.1,279.0,1007.6,100.0,148.0,0.5,1.0,rain
2023-11-20 13:00:00,0.13,9.7,7.5,9.0,95.6,0.035,100.0,23.7,15.2,286.0,1007.8,100.0,116.0,0.4,1.0,rain
2023-11-20 14:00:00,0.14,10.0,7.6,9.1,94.1,0.053,100.0,25.3,17.4,292.0,1008.1,100.0,35.0,0.1,0.0,rain
2023-11-20 15:00:00,0.63,9.6,7.4,8.6,93.56,0.0,0.0,24.3,15.7,290.0,1008.4,100.0,19.0,0.1,0.0,cloudy
2023-11-20 16:00:00,1.35,9.4,7.9,8.5,94.19,0.0,0.0,17.3,10.6,291.0,1009.3,100.0,0.0,0.0,0.0,cloudy
2023-11-20 17:00:00,2.04,9.1,7.2,8.5,95.75,0.0,0.0,18.1,12.4,307.0,1010.3,100.0,0.0,0.0,0.0,cloudy
2023-11-20 18:00:00,0.3,9.1,7.0,8.5,96.46,0.26,100.0,21.6,13.7,310.0,1011.5,100.0,0.0,0.0,0.0,rain
2023-11-20 19:00:00,0.14,9.0,6.8,8.5,96.55,0.936,100.0,23.2,13.8,316.0,1012.5,100.0,0.0,0.0,0.0,rain
2023-11-20 20:00:00,0.14,8.8,6.9,8.4,97.13,0.125,100.0,17.5,11.9,319.0,1013.2,100.0,0.0,0.0,0.0,rain
2023-11-20 21:00:00,0.27,8.8,6.9,8.5,97.89,0.088,100.0,17.2,11.9,324.0,1013.9,100.0,0.0,0.0,0.0,rain
2023-11-20 22:00:00,0.16,9.0,6.7,8.5,96.67,0.053,100.0,22.8,15.2,345.0,1014.9,100.0,0.0,0.0,0.0,rain
2023-11-20 23:00:00,0.45,8.6,5.9,7.7,94.16,0.199,100.0,26.5,17.8,348.0,1015.8,100.0,0.0,0.0,0.0,rain
2023-11-21 00:00:00,0.14,8.4,5.3,7.0,90.89,0.0,0.0,36.7,20.6,350.0,1016.7,100.0,0.0,0.0,0.0,cloudy
2023-11-21 01:00:00,0.14,8.1,5.3,6.2,87.8,0.0,0.0,30.5,17.6,349.0,1017.7,100.0,0.0,0.0,0.0,cloudy
2023-11-21 02:00:00,0.14,7.9,4.8,5.6,85.44,0.0,0.0,32.8,19.4,337.0,1018.4,100.0,0.0,0.0,0.0,cloudy
2023-11-21 03:00:00,0.14,7.8,4.6,5.5,85.54,0.0,0.0,30.9,19.5,329.0,1019.0,100.0,0.0,0.0,0.0,cloudy
2023-11-21 04:00:00,0.48,7.8,4.6,5.7,86.35,0.0,0.0,35.6,20.7,329.0,1019.7,100.0,0.0,0.0,0.0,cloudy
2023-11-21 05:00:00,0.14,7.6,4.2,6.1,90.56,0.0,0.0,33.7,20.9,340.0,1020.7,100.0,0.0,0.0,0.0,cloudy
2023-11-21 06:00:00,0.41,7.3,3.5,6.5,94.72,0.035,100.0,35.1,24.7,347.0,1021.6,100.0,0.0,0.0,0.0,rain
2023-11-21 07:00:00,1.09,7.3,3.4,6.5,94.68,0.069,100.0,38.9,25.5,359.0,1022.4,100.0,0.0,0.0,0.0,rain
2023-11-21 08:00:00,0.13,7.3,3.7,6.3,93.17,0.068,100.0,36.5,22.6,7.0,1023.8,100.0,7.0,0.0,0.0,rain
2023-11-21 09:00:00,0.14,7.2,3.6,5.7,90.3,0.0,0.0,32.7,22.8,7.0,1025.1,100.0,39.0,0.1,0.0,cloudy
2023-11-21 10:00:00,0.49,7.4,4.4,5.3,86.4,0.0,0.0,29.8,17.8,360.0,1025.9,84.9,132.0,0.5,1.0,partly-cloudy-day
2023-11-21 11:00:00,0.13,7.7,4.3,5.1,83.45,0.023,100.0,31.8,21.9,13.0,1026.6,91.6,127.0,0.5,1.0,rain
2023-11-21 12:00:00,0.4,7.6,4.4,5.3,85.64,0.0,0.0,27.5,19.3,11.0,1027.0,67.7,104.0,0.4,1.0,partly-cloudy-day
2023-11-21 13:00:00,0.17,7.6,5.3,5.4,86.15,0.09,100.0,20.2,12.6,5.0,1027.3,68.2,360.0,1.3,4.0,rain
2023-11-21 14:00:00,0.16,7.7,5.0,5.0,82.83,0.0,0.0,23.2,15.6,356.0,1028.0,84.6,123.0,0.4,1.0,partly-cloudy-day
2023-11-21 15:00:00,0.41,7.3,4.9,4.8,84.66,0.0,0.0,18.8,12.6,355.0,1028.4,100.0,18.0,0.1,0.0,cloudy
2023-11-21 16:00:00,0.19,6.7,4.9,4.5,85.97,0.0,0.0,14.0,8.7,340.0,1029.1,100.0,0.0,0.0,0.0,cloudy
2023-11-21 17:00:00,0.18,6.2,4.2,4.1,86.92,0.0,0.0,12.6,9.2,346.0,1029.8,100.0,0.0,0.0,0.0,cloudy
2023-11-21 18:00:00,0.86,5.7,3.9,4.0,89.05,0.0,0.0,11.0,8.0,337.0,1030.1,98.3,0.0,0.0,0.0,cloudy
2023-11-21 19:00:00,0.25,5.0,3.7,3.7,91.5,0.0,0.0,9.0,6.1,318.0,1030.5,100.0,0.0,0.0,0.0,cloudy
2023-11-21 20:00:00,0.68,5.0,3.8,3.6,90.52,0.0,0.0,8.5,5.9,301.0,1031.0,100.0,0.0,0.0,0.0,cloudy
2023-11-21 21:00:00,1.2,5.0,3.8,3.4,89.06,0.0,0.0,7.9,5.9,264.0,1031.1,100.0,0.0,0.0,0.0,cloudy
2023-11-21 22:00:00,0.81,4.9,3.3,3.3,89.45,0.0,0.0,10.7,7.0,240.0,1031.2,81.5,0.0,0.0,0.0,partly-cloudy-night
2023-11-21 23:00:00,2.77,5.0,2.7,3.6,90.51,0.0,0.0,13.2,10.0,236.0,1031.0,96.8,0.0,0.0,0.0,cloudy
2023-11-22 00:00:00,1.61,5.1,2.8,4.0,92.7,0.0,0.0,15.9,9.8,247.0,1030.9,100.0,0.0,0.0,0.0,cloudy
2023-11-22 01:00:00,0.88,5.3,2.9,4.1,91.63,0.0,0.0,15.7,10.9,246.0,1030.5,100.0,0.0,0.0,0.0,cloudy
2023-11-22 02:00:00,0.49,5.4,2.2,4.3,92.33,0.0,0.0,21.8,15.6,242.0,1030.0,100.0,0.0,0.0,0.0,cloudy
2023-11-22 03:00:00,0.17,5.8,2.3,4.6,91.66,0.0,0.0,28.3,18.9,251.0,1029.8,100.0,0.0,0.0,0.0,cloudy
2023-11-22 04:00:00,0.47,6.0,2.6,4.7,91.14,0.0,0.0,24.6,18.2,248.0,1029.3,100.0,0.0,0.0,0.0,cloudy
2023-11-22 05:00:00,0.16,6.3,3.1,4.8,89.87,0.0,0.0,25.8,17.4,246.0,1028.8,100.0,0.0,0.0,0.0,cloudy
2023-11-22 06:00:00,0.15,6.3,3.5,4.7,89.55,0.0,0.0,22.2,13.7,246.0,1028.7,100.0,0.0,0.0,0.0,cloudy
2023-11-22 07:00:00,1.22,6.5,3.1,5.2,91.56,0.18,100.0,31.5,18.9,242.0,1028.6,97.9,0.0,0.0,0.0,rain
2023-11-22 08:00:00,0.47,6.9,3.3,5.8,93.04,0.0,0.0,32.6,21.5,247.0,1028.3,100.0,3.0,0.0,0.0,cloudy
2023-11-22 09:00:00,0.15,7.2,3.5,6.2,93.34,0.0,0.0,33.6,24.0,244.0,1028.0,100.0,49.0,0.2,0.0,cloudy
2023-11-22 10:00:00,0.52,7.6,3.8,6.6,93.36,0.023,100.0,39.5,26.0,249.0,1028.0,78.4,51.0,0.2,1.0,rain
2023-11-22 11:00:00,1.03,8.2,4.7,7.4,94.66,0.0,0.0,35.9,24.0,253.0,1027.5,100.0,70.0,0.3,1.0,cloudy
2023-11-22 12:00:00,0.14,8.9,5.4,8.1,94.95,0.0,0.0,42.1,27.2,261.0,1026.7,100.0,92.0,0.3,1.0,cloudy
2023-11-22 13:00:00,0.22,9.7,6.0,8.8,93.94,0.0,0.0,49.9,34.5,275.0,1026.1,100.0,37.0,0.1,0.0,cloudy
2023-11-22 14:00:00,0.79,10.1,10.1,8.7,91.44,0.0,0.0,50.7,31.6,274.0,1025.8,100.0,26.0,0.1,0.0,cloudy
2023-11-22 15:00:00,0.93,10.2,10.2,8.6,89.51,0.0,0.0,41.9,26.3,271.0,1025.3,100.0,12.0,0.0,0.0,cloudy
2023-11-22 16:00:00,0.58,10.2,10.2,8.4,88.63,0.0,0.0,51.4,32.6,278.0,1025.4,100.0,0.0,0.0,0.0,cloudy
2023-11-22 17:00:00,0.14,10.2,10.2,8.7,90.62,0.0,0.0,46.4,28.6,282.0,1025.4,100.0,0.0,0.0,0.0,cloudy
2023-11-22 18:00:00,0.55,10.2,10.2,8.7,90.38,0.0,0.0,41.6,26.3,279.0,1025.4,90.1,0.0,0.0,0.0,cloudy
2023-11-22 19:00:00,0.16,10.4,10.4,8.8,90.0,0.0,0.0,37.1,24.3,271.0,1025.3,100.0,0.0,0.0,0.0,cloudy
2023-11-22 20:00:00,0.5,10.5,10.5,9.0,90.61,0.0,0.0,50.2,29.4,274.0,1025.2,100.0,0.0,0.0,0.0,cloudy
2023-11-22 21:00:00,0.17,10.5,10.5,8.8,89.15,0.0,0.0,52.2,34.0,272.0,1024.9,98.3,0.0,0.0,0.0,cloudy
2023-11-22 22:00:00,0.48,10.6,10.6,9.0,89.8,0.0,0.0,53.9,34.8,274.0,1024.8,83.2,0.0,0.0,0.0,partly-cloudy-night
2023-11-22 23:00:00,0.15,10.6,10.6,9.1,89.99,0.0,0.0,58.4,40.6,283.0,1024.6,98.3,0.0,0.0,0.0,cloudy
2023-11-23 00:00:00,0.14,10.8,10.8,9.3,90.29,0.023,100.0,60.3,42.4,278.0,1024.9,100.0,0.0,0.0,0.0,rain
2023-11-23 01:00:00,0.14,11.0,11.0,9.3,89.33,0.0,0.0,57.5,38.7,280.0,1024.6,100.0,0.0,0.0,0.0,cloudy
2023-11-23 02:00:00,0.14,11.1,11.1,9.3,88.89,0.0,0.0,46.4,31.4,278.0,1024.6,100.0,0.0,0.0,0.0,cloudy
2023-11-23 03:00:00,0.13,10.8,10.8,9.2,89.86,0.023,100.0,46.3,29.8,272.0,1024.6,100.0,0.0,0.0,0.0,rain
2023-11-23 04:00:00,0.14,10.6,10.6,9.2,90.8,0.058,100.0,45.4,30.3,271.0,1024.0,100.0,0.0,0.0,0.0,rain
2023-11-23 05:00:00,0.31,10.6,10.6,9.1,90.43,0.035,100.0,44.6,27.6,265.0,1023.6,81.5,0.0,0.0,0.0,rain
2023-11-23 06:00:00,0.13,10.5,10.5,9.1,90.77,0.0,0.0,46.4,29.5,267.0,1023.4,100.0,0.0,0.0,0.0,cloudy
2023-11-23 07:00:00,1.15,10.3,10.3,9.0,91.48,0.023,100.0,51.6,31.7,260.0,1023.0,100.0,0.0,0.0,0.0,rain
2023-11-23 08:00:00,0.9,10.2,10.2,8.9,91.65,0.023,100.0,53.9,34.2,260.0,1023.1,72.2,7.0,0.0,0.0,rain
2023-11-23 09:00:00,0.13,10.1,10.1,9.0,92.52,0.09,100.0,51.9,34.8,263.0,1022.8,93.8,218.0,0.8,2.0,rain
2023-11-23 10:00:00,0.75,10.5,10.5,9.0,90.23,0.0,0.0,51.7,32.7,259.0,1022.5,100.0,83.0,0.3,1.0,cloudy
2023-11-23 11:00:00,0.14,10.8,10.8,9.1,89.11,0.023,100.0,58.9,35.7,267.0,1021.9,100.0,125.0,0.5,1.0,rain
2023-11-23 12:00:00,0.14,11.0,11.0,9.4,89.53,0.0,0.0,54.2,35.7,271.0,1021.2,100.0,46.0,0.2,0.0,cloudy
2023-11-23 13:00:00,0.14,11.1,11.1,9.6,90.52,0.0,0.0,59.4,36.0,275.0,1020.9,100.0,40.0,0.1,0.0,cloudy
2023-11-23 14:00:00,0.13,11.0,11.0,9.8,92.3,0.0,0.0,55.9,35.7,275.0,1020.1,100.0,18.0,0.1,0.0,cloudy
2023-11-23 15:00:00,0.59,11.2,11.2,9.9,91.29,0.136,100.0,61.5,41.0,277.0,1019.6,100.0,11.0,0.0,0.0,rain
2023-11-23 16:00:00,1.69,11.0,11.0,9.8,92.12,0.034,100.0,56.1,39.2,282.0,1019.6,100.0,0.0,0.0,0.0,rain
2023-11-23 17:00:00,0.21,10.0,10.0,8.9,92.57,0.179,100.0,56.3,36.3,298.0,1020.2,91.8,0.0,0.0,0.0,rain
2023-11-23 18:00:00,0.16,9.3,5.6,7.5,88.5,0.386,100.0,48.0,30.7,299.0,1020.9,81.5,0.0,0.0,0.0,rain
2023-11-23 19:00:00,0.18,8.6,4.6,5.7,81.99,0.035,100.0,57.2,33.4,300.0,1020.8,51.6,0.0,0.0,0.0,rain
2023-11-23 20:00:00,0.16,8.4,4.3,4.8,78.54,0.0,0.0,53.8,32.6,298.0,1020.9,48.5,0.0,0.0,0.0,partly-cloudy-night
2023-11-23 21:00:00,0.16,8.3,4.1,4.8,78.59,0.0,0.0,53.5,34.3,300.0,1021.2,48.5,0.0,0.0,0.0,partly-cloudy-night
2023-11-23 22:00:00,0.15,8.0,3.8,4.2,76.91,0.0,0.0,52.3,32.8,305.0,1021.3,72.2,0.0,0.0,0.0,partly-cloudy-night
2023-11-23 23:00:00,0.15,7.8,3.5,3.7,75.07,0.0,0.0,49.7,32.8,305.0,1021.5,81.5,0.0,0.0,0.0,partly-cloudy-night
2023-11-24 00:00:00,0.45,7.2,2.9,3.6,77.94,0.0,0.0,50.1,30.2,309.0,1021.6,82.5,0.0,0.0,0.0,partly-cloudy-night
2023-11-24 01:00:00,0.14,6.8,2.6,3.7,80.46,0.0,0.0,43.7,27.6,306.0,1021.5,75.3,0.0,0.0,0.0,partly-cloudy-night
2023-11-24 02:00:00,0.14,6.5,2.7,3.4,80.56,0.0,0.0,35.1,22.2,310.0,1021.5,87.3,0.0,0.0,0.0,partly-cloudy-night
2023-11-24 03:00:00,0.43,6.0,2.3,2.8,79.51,0.0,0.0,33.4,20.5,306.0,1021.6,83.5,0.0,0.0,0.0,partly-cloudy-night
2023-11-24 04:00:00,0.14,5.8,2.2,2.4,78.54,0.0,0.0,31.0,18.9,301.0,1021.3,100.0,0.0,0.0,0.0,cloudy
2023-11-24 05:00:00,0.14,5.7,1.5,2.2,78.27,0.0,0.0,36.3,23.5,306.0,1021.0,100.0,0.0,0.0,0.0,cloudy
2023-11-24 06:00:00,0.17,5.6,1.6,2.0,77.61,0.0,0.0,33.8,21.5,320.0,1021.1,100.0,0.0,0.0,0.0,cloudy
2023-11-24 07:00:00,0.14,5.2,1.1,1.5,77.1,0.0,0.0,34.2,22.1,315.0,1021.5,91.8,0.0,0.0,0.0,cloudy
2023-11-24 08:00:00,1.75,4.5,0.1,0.3,73.81,0.0,0.0,36.0,23.4,318.0,1021.9,96.3,16.0,0.1,0.0,cloudy
2023-11-24 09:00:00,0.4,4.0,-0.2,-0.2,73.9,0.0,0.0,32.3,19.8,322.0,1022.4,47.8,155.0,0.6,2.0,partly-cloudy-day
2023-11-24 10:00:00,0.48,4.2,-0.3,-1.6,65.84,0.0,0.0,34.3,23.3,334.0,1022.7,36.7,186.0,0.7,2.0,partly-cloudy-day
2023-11-24 11:00:00,0.17,4.8,0.3,-2.0,61.32,0.0,0.0,37.3,24.6,330.0,1022.8,43.6,331.0,1.2,3.0,partly-cloudy-day
2023-11-24 12:00:00,1.0,5.6,1.5,-2.2,57.4,0.0,0.0,36.5,22.7,338.0,1022.3,27.0,338.0,1.2,3.0,partly-cloudy-day
2023-11-24 13:00:00,0.17,5.2,0.5,-2.1,59.19,1.351,100.0,45.4,29.1,341.0,1022.1,3.1,297.0,1.1,3.0,rain
2023-11-24 14:00:00,0.17,5.1,0.5,-2.2,59.04,0.0,0.0,40.8,27.0,335.0,1022.2,0.0,182.0,0.7,2.0,clear-day
2023-11-24 15:00:00,0.17,4.5,0.0,-2.3,61.56,0.0,0.0,37.8,23.7,341.0,1022.3,3.1,57.0,0.2,1.0,clear-day
2023-11-24 16:00:00,0.28,3.6,-1.1,-2.3,65.52,0.0,0.0,36.7,23.3,348.0,1022.9,0.0,0.0,0.0,0.0,clear-night
2023-11-24 17:00:00,0.18,2.4,-2.1,-2.5,70.49,0.0,0.0,25.9,18.8,334.0,1023.5,0.0,0.0,0.0,0.0,clear-night
2023-11-24 18:00:00,0.17,1.8,-1.5,-2.7,72.15,0.0,0.0,17.6,11.8,325.0,1024.0,0.0,0.0,0.0,0.0,clear-night
2023-11-24 19:00:00,0.17,1.4,-2.3,-2.7,73.85,0.0,0.0,20.3,13.4,324.0,1024.0,0.0,0.0,0.0,0.0,clear-night
2023-11-24 20:00:00,0.17,0.7,-2.9,-2.8,77.25,0.0,0.0,16.7,12.0,314.0,1024.0,0.0,0.0,0.0,0.0,clear-night
2023-11-24 21:00:00,0.17,0.7,-3.0,-2.4,79.58,0.0,0.0,17.6,12.4,308.0,1024.1,0.0,0.0,0.0,0.0,clear-night
2023-11-24 22:00:00,0.16,0.2,-4.1,-2.7,81.19,0.0,0.0,18.9,14.4,318.0,1024.0,2.1,0.0,0.0,0.0,clear-night
2023-11-24 23:00:00,0.77,0.1,-4.1,-2.7,81.41,0.0,0.0,19.0,13.9,319.0,1023.9,0.0,0.0,0.0,0.0,clear-night
2023-11-25 00:00:00,0.35,-0.3,-4.3,-2.8,83.28,0.0,0.0,18.0,12.7,328.0,1023.9,0.0,0.0,0.0,0.0,clear-night
2023-11-25 01:00:00,0.15,-0.7,-5.0,-2.9,84.92,0.0,0.0,18.3,13.5,326.0,1023.8,0.0,0.0,0.0,0.0,clear-night
2023-11-25 02:00:00,0.15,-0.9,-4.8,-3.0,85.64,0.0,0.0,17.8,11.9,322.0,1024.0,0.0,0.0,0.0,0.0,clear-night
2023-11-25 03:00:00,0.16,-1.0,-5.2,-3.2,85.1,0.0,0.0,17.6,12.8,328.0,1024.0,0.0,0.0,0.0,0.0,clear-night
2023-11-25 04:00:00,0.15,-0.9,-5.1,-3.2,84.92,0.0,0.0,17.0,12.6,319.0,1023.6,13.4,0.0,0.0,0.0,clear-night
2023-11-25 05:00:00,0.15,-0.8,-4.4,-3.2,83.78,0.0,0.0,16.4,10.9,318.0,1023.2,14.4,0.0,0.0,0.0,clear-night
2023-11-25 06:00:00,0.15,-1.0,-4.8,-3.2,85.3,0.0,0.0,14.5,10.9,325.0,1022.9,38.8,0.0,0.0,0.0,partly-cloudy-night
2023-11-25 07:00:00,0.14,-1.2,-4.7,-3.3,85.68,0.0,0.0,13.6,9.9,328.0,1022.6,42.2,0.0,0.0,0.0,partly-cloudy-night
2023-11-25 08:00:00,0.48,-1.4,-5.2,-3.5,85.35,0.0,0.0,13.9,10.9,328.0,1022.6,5.0,11.0,0.0,0.0,clear-day
2023-11-25 09:00:00,0.28,-0.5,-3.9,-3.1,82.8,0.0,0.0,13.5,9.8,299.0,1022.6,22.9,142.0,0.5,1.0,partly-cloudy-day
2023-11-25 10:00:00,0.28,1.0,-1.5,-2.3,78.84,0.0,0.0,11.2,8.0,263.0,1022.4,31.8,234.0,0.8,2.0,partly-cloudy-day
2023-11-25 11:00:00,0.35,2.3,-0.4,-1.7,74.84,0.0,0.0,11.8,9.5,318.0,1022.2,1.7,297.0,1.1,3.0,clear-day
2023-11-25 12:00:00,0.15,3.6,0.6,-1.0,71.85,0.035,100.0,17.8,11.9,288.0,1021.9,0.0,311.0,1.1,3.0,rain
2023-11-25 13:00:00,0.45,4.3,1.7,-0.6,70.18,0.0,0.0,14.5,10.8,301.0,1021.4,0.0,287.0,1.0,3.0,clear-day
2023-11-25 14:00:00,0.14,4.5,1.9,-0.6,69.55,0.0,0.0,15.4,10.9,287.0,1021.1,0.0,169.0,0.6,2.0,clear-day
2023-11-25 15:00:00,0.15,3.9,1.6,-0.8,71.16,0.0,0.0,12.7,9.0,301.0,1020.9,0.0,21.0,0.1,0.0,clear-day
2023-11-25 16:00:00,0.14,2.4,0.0,-1.1,77.64,0.0,0.0,12.1,8.2,332.0,1021.1,8.4,9.0,0.0,0.0,clear-night
2023-11-25 17:00:00,0.14,1.3,-0.9,-1.3,82.81,0.0,0.0,9.4,7.2,322.0,1021.1,16.8,0.0,0.0,0.0,clear-night
2023-11-25 18:00:00,0.96,0.9,-1.3,-1.7,82.66,0.0,0.0,9.5,7.0,316.0,1021.0,19.9,0.0,0.0,0.0,clear-night
2023-11-25 19:00:00,0.15,0.7,-1.6,-1.8,83.52,0.0,0.0,8.0,7.0,317.0,1021.1,40.5,0.0,0.0,0.0,partly-cloudy-night
2023-11-25 20:00:00,0.38,0.6,-1.7,-1.6,85.22,0.0,0.0,8.4,7.0,330.0,1021.0,60.4,0.0,0.0,0.0,partly-cloudy-night
2023-11-25 21:00:00,0.18,0.6,-1.4,-1.7,84.87,0.0,0.0,8.2,6.2,320.0,1020.7,60.4,0.0,0.0,0.0,partly-cloudy-night
2023-11-25 22:00:00,0.5,0.3,-2.0,-1.7,86.13,0.0,0.0,8.6,6.9,310.0,1020.7,28.1,0.0,0.0,0.0,partly-cloudy-night
2023-11-25 23:00:00,0.14,0.0,-2.5,-1.7,88.05,0.0,0.0,9.0,7.3,328.0,1020.4,48.5,0.0,0.0,0.0,partly-cloudy-night
2023-11-26 00:00:00,0.42,0.4,-1.4,-1.7,85.97,0.0,0.0,8.7,5.7,295.0,1020.1,81.5,0.0,0.0,0.0,partly-cloudy-night
2023-11-26 01:00:00,0.13,0.6,-1.1,-1.7,84.56,0.0,0.0,7.6,5.6,320.0,1019.7,100.0,0.0,0.0,0.0,cloudy
2023-11-26 02:00:00,0.44,0.0,-2.3,-1.5,89.79,0.0,0.0,8.2,6.9,254.0,1019.4,100.0,0.0,0.0,0.0,cloudy
2023-11-26 03:00:00,0.13,0.3,-1.1,-1.2,89.71,0.0,0.0,7.1,4.8,229.0,1018.8,100.0,0.0,0.0,0.0,cloudy
2023-11-26 04:00:00,0.14,0.5,0.5,-1.2,87.92,0.0,0.0,6.6,4.8,342.0,1018.3,100.0,0.0,0.0,0.0,cloudy
2023-11-26 05:00:00,0.39,0.6,-1.2,-1.1,88.1,0.0,0.0,7.2,5.8,342.0,1017.9,100.0,0.0,0.0,0.0,cloudy
2023-11-26 06:00:00,0.14,0.7,-1.2,-0.9,88.61,0.0,0.0,7.7,6.0,235.0,1017.5,93.6,0.0,0.0,0.0,cloudy
2023-11-26 07:00:00,0.14,0.7,-0.8,-0.9,89.58,0.0,0.0,7.1,5.0,168.0,1017.0,100.0,0.0,0.0,0.0,cloudy
2023-11-26 08:00:00,0.14,0.6,-1.6,-0.8,90.35,0.0,0.0,9.0,6.6,210.0,1016.7,100.0,11.0,0.0,0.0,cloudy
2023-11-26 09:00:00,0.14,0.9,-1.3,-0.4,90.63,0.0,0.0,9.9,7.0,200.0,1016.6,95.9,54.0,0.2,1.0,cloudy
2023-11-26 10:00:00,0.39,2.1,-0.1,0.3,87.85,0.0,0.0,10.9,7.7,204.0,1016.0,97.9,53.0,0.2,1.0,cloudy
2023-11-26 11:00:00,0.15,3.1,1.1,0.5,83.44,0.0,0.0,11.5,7.1,200.0,1015.4,100.0,152.0,0.5,2.0,cloudy
2023-11-26 12:00:00,0.14,3.6,1.6,0.8,82.19,0.0,0.0,11.8,7.6,210.0,1014.6,100.0,97.0,0.3,1.0,cloudy
2023-11-26 13:00:00,0.15,3.7,1.2,1.3,84.35,0.0,0.0,15.5,9.5,218.0,1013.8,100.0,78.0,0.3,1.0,cloudy
2023-11-26 14:00:00,1.4,4.1,2.4,1.8,85.12,0.0,0.0,11.2,7.1,210.0,1012.9,100.0,46.0,0.2,0.0,cloudy
2023-11-26 15:00:00,1.42,4.1,2.4,2.2,87.85,0.0,0.0,8.8,6.7,162.0,1012.0,100.0,32.0,0.1,0.0,cloudy
2023-11-26 16:00:00,1.29,3.9,2.4,2.5,90.52,0.0,0.0,11.1,6.3,34.0,1011.3,100.0,0.0,0.0,0.0,cloudy
2023-11-26 17:00:00,0.69,3.5,1.8,2.7,94.17,0.0,0.0,10.8,6.8,155.0,1010.5,85.6,0.0,0.0,0.0,partly-cloudy-night
2023-11-26 18:00:00,0.14,3.5,2.2,2.8,95.62,0.0,0.0,8.9,5.3,171.0,1009.8,100.0,0.0,0.0,0.0,cloudy
2023-11-26 19:00:00,0.73,3.5,2.0,3.0,96.11,0.0,0.0,9.9,6.3,179.0,1009.2,100.0,0.0,0.0,0.0,cloudy
2023-11-26 20:00:00,1.16,3.5,2.4,3.0,96.41,0.0,0.0,7.8,5.1,350.0,1008.5,100.0,0.0,0.0,0.0,cloudy
2023-11-26 21:00:00,0.73,3.8,3.8,3.3,96.93,0.0,0.0,6.0,4.1,199.0,1007.6,100.0,0.0,0.0,0.0,cloudy
2023-11-26 22:00:00,0.18,4.0,4.0,3.6,97.05,0.0,0.0,3.4,1.2,172.0,1006.7,100.0,0.0,0.0,0.0,cloudy
2023-11-26 23:00:00,0.29,4.4,4.4,3.9,97.06,0.284,100.0,3.0,2.0,146.0,1005.7,100.0,0.0,0.0,0.0,rain
2023-11-27 00:00:00,0.17,4.7,4.7,4.4,97.69,0.537,100.0,3.2,2.2,152.0,1004.6,100.0,0.0,0.0,0.0,rain
2023-11-27 01:00:00,0.17,4.5,4.5,4.2,97.99,0.503,100.0,4.5,2.3,121.0,1003.6,100.0,0.0,0.0,0.0,rain
2023-11-27 02:00:00,0.17,4.5,4.5,4.2,97.94,0.794,100.0,6.2,3.1,316.0,1002.7,100.0,0.0,0.0,0.0,rain
2023-11-27 03:00:00,0.16,4.2,4.2,4.0,98.39,1.312,100.0,4.1,2.8,192.0,1001.9,100.0,0.0,0.0,0.0,rain
2023-11-27 04:00:00,0.29,4.2,4.2,4.0,98.81,1.691,100.0,3.1,1.9,137.0,1001.0,100.0,0.0,0.0,0.0,rain
2023-11-27 05:00:00,0.16,3.3,3.3,3.3,99.34,2.0,100.0,7.0,4.4,12.0,1000.4,100.0,0.0,0.0,0.0,rain
2023-11-27 06:00:00,0.15,3.5,1.9,3.4,99.34,1.629,100.0,9.9,6.5,1.0,999.9,100.0,0.0,0.0,0.0,rain
2023-11-27 07:00:00,1.82,3.4,0.8,3.3,99.34,2.312,100.0,14.9,9.6,21.0,999.7,100.0,0.0,0.0,0.0,rain
2023-11-27 08:00:00,0.44,3.4,0.1,3.3,99.15,1.441,100.0,21.1,13.2,8.0,999.7,100.0,0.0,0.0,0.0,rain
2023-11-27 09:00:00,0.15,3.1,-1.0,2.8,98.22,2.853,100.0,25.9,17.5,32.0,1000.1,100.0,21.0,0.1,0.0,rain
2023-11-27 10:00:00,0.15,2.7,-1.7,2.4,98.35,1.53,100.0,27.2,18.7,34.0,1000.4,100.0,26.0,0.1,0.0,rain
2023-11-27 11:00:00,0.14,2.4,-1.3,1.9,96.75,1.717,100.0,22.9,14.4,25.0,1000.7,100.0,21.0,0.1,0.0,rain
2023-11-27 12:00:00,0.47,2.8,-0.5,2.5,97.46,0.473,100.0,17.9,12.9,344.0,1000.9,100.0,36.0,0.1,0.0,rain
2023-11-27 13:00:00,0.14,3.1,-0.3,2.7,97.41,0.155,100.0,20.5,13.7,331.0,1001.1,100.0,57.0,0.2,1.0,rain
2023-11-27 14:00:00,0.13,3.6,0.3,3.0,96.0,0.0,0.0,21.3,13.5,327.0,1001.4,100.0,36.0,0.1,0.0,cloudy
2023-11-27 15:00:00,0.14,3.9,0.4,3.4,96.0,0.0,0.0,23.3,15.3,331.0,1001.8,100.0,12.0,0.0,0.0,cloudy
2023-11-27 16:00:00,0.13,4.2,0.6,3.3,93.53,0.0,0.0,24.1,16.6,333.0,1002.2,96.6,0.0,0.0,0.0,cloudy
2023-11-27 17:00:00,1.42,4.3,0.8,3.5,94.27,0.034,100.0,27.7,16.1,342.0,1002.9,100.0,0.0,0.0,0.0,rain
2023-11-27 18:00:00,0.54,4.3,0.4,3.6,95.18,0.0,0.0,27.5,18.2,352.0,1003.6,100.0,0.0,0.0,0.0,cloudy
2023-11-27 19:00:00,0.18,4.2,0.5,3.4,94.47,0.023,100.0,25.7,16.8,350.0,1004.4,100.0,0.0,0.0,0.0,rain
2023-11-27 20:00:00,1.44,4.0,0.3,3.1,94.22,0.0,0.0,22.7,16.1,338.0,1005.1,98.3,0.0,0.0,0.0,cloudy
2023-11-27 21:00:00,0.16,3.9,0.4,3.1,94.7,0.0,0.0,24.8,15.0,332.0,1005.7,72.8,0.0,0.0,0.0,partly-cloudy-night
2023-11-27 22:00:00,0.58,4.0,0.3,3.3,95.3,0.0,0.0,25.3,16.3,354.0,1006.4,77.4,0.0,0.0,0.0,partly-cloudy-night
2023-11-27 23:00:00,0.17,4.1,0.4,3.6,97.04,0.203,100.0,25.3,16.5,14.0,1007.2,78.4,0.0,0.0,0.0,rain
2023-11-28 00:00:00,0.51,4.3,0.9,3.8,96.66,0.0,0.0,23.7,14.7,10.0,1008.2,100.0,0.0,0.0,0.0,cloudy
2023-11-28 01:00:00,0.13,4.3,0.7,3.5,95.05,0.035,100.0,25.4,16.2,26.0,1008.8,100.0,0.0,0.0,0.0,rain
2023-11-28 02:00:00,0.47,4.1,0.9,3.3,94.55,0.0,0.0,22.3,13.6,24.0,1009.6,88.5,0.0,0.0,0.0,partly-cloudy-night
2023-11-28 03:00:00,0.14,3.7,1.0,2.8,93.69,0.09,100.0,17.6,10.4,23.0,1010.4,100.0,0.0,0.0,0.0,rain
2023-11-28 04:00:00,0.13,3.4,0.6,2.7,94.93,0.0,0.0,16.2,11.0,354.0,1010.6,84.9,0.0,0.0,0.0,partly-cloudy-night
2023-11-28 05:00:00,0.14,2.6,0.0,1.9,95.37,0.034,100.0,12.6,9.2,358.0,1011.0,91.6,0.0,0.0,0.0,rain
2023-11-28 06:00:00,0.13,2.4,0.4,1.9,96.51,0.0,0.0,9.9,7.2,323.0,1011.2,93.3,0.0,0.0,0.0,cloudy
2023-11-28 07:00:00,0.97,1.9,-0.6,1.5,96.66,0.0,0.0,12.9,8.6,316.0,1011.5,56.4,0.0,0.0,0.0,partly-cloudy-night
2023-11-28 08:00:00,0.01,1.5,-1.2,1.0,96.4,0.0,0.0,12.5,9.0,322.0,1011.8,33.4,11.0,0.0,0.0,partly-cloudy-day
2023-11-28 09:00:00,0.14,1.4,-1.1,0.8,95.89,0.0,0.0,11.2,8.2,311.0,1011.9,14.0,105.0,0.4,1.0,clear-day
2023-11-28 10:00:00,0.56,2.4,-0.3,1.3,92.26,0.0,0.0,12.5,9.5,299.0,1011.9,8.2,207.0,0.7,2.0,clear-day
2023-11-28 11:00:00,0.11,3.7,1.4,2.0,88.45,0.0,0.0,12.8,8.8,323.0,1011.7,8.4,265.0,1.0,3.0,clear-day
2023-11-28 12:00:00,0.02,4.8,2.4,1.7,80.31,0.0,0.0,14.7,10.2,295.0,1011.0,0.0,292.0,1.1,3.0,clear-day
2023-11-28 13:00:00,0.01,5.4,2.6,1.3,74.89,0.0,0.0,17.7,13.2,286.0,1010.5,0.0,257.0,0.9,3.0,clear-day
2023-11-28 14:00:00,0.02,5.1,1.7,1.2,76.13,0.0,0.0,23.5,16.1,288.0,1010.2,21.1,160.0,0.6,2.0,partly-cloudy-day
2023-11-28 15:00:00,0.02,4.3,1.5,0.9,78.55,0.0,0.0,18.6,11.6,296.0,1010.1,59.0,23.0,0.1,0.0,partly-cloudy-day
2023-11-28 16:00:00,0.29,3.3,0.9,0.7,82.95,0.0,0.0,13.5,9.2,299.0,1009.9,58.3,0.0,0.0,0.0,partly-cloudy-night
2023-11-28 17:00:00,0.36,2.3,-0.3,0.5,87.63,0.0,0.0,13.2,9.1,311.0,1009.6,49.1,0.0,0.0,0.0,partly-cloudy-night
2023-11-28 18:00:00,1.53,2.0,-0.8,0.8,91.72,0.0,0.0,12.2,9.6,317.0,1009.3,77.4,0.0,0.0,0.0,partly-cloudy-night
2023-11-28 19:00:00,0.08,1.7,-1.4,0.8,93.4,0.105,100.0,15.2,10.8,294.0,1009.0,64.7,0.0,0.0,0.0,rain
2023-11-28 20:00:00,1.54,1.5,-2.1,0.9,95.54,0.0,0.0,17.0,12.4,281.0,1008.7,71.0,0.0,0.0,0.0,partly-cloudy-night
2023-11-28 21:00:00,0.46,1.1,-2.0,0.6,96.4,0.0,0.0,14.6,9.9,303.0,1008.5,67.4,0.0,0.0,0.0,partly-cloudy-night
2023-11-28 22:00:00,0.59,0.8,-2.4,0.4,97.3,0.0,0.0,14.8,10.2,302.0,1008.3,48.5,0.0,0.0,0.0,partly-cloudy-night
2023-11-28 23:00:00,0.41,0.4,-3.2,-0.6,92.93,0.0,0.0,14.7,11.7,310.0,1008.2,38.5,0.0,0.0,0.0,partly-cloudy-night
2023-11-29 00:00:00,0.36,-0.3,-3.3,-1.6,90.72,0.0,0.0,13.8,8.8,312.0,1008.0,19.4,0.0,0.0,0.0,clear-night
2023-11-29 01:00:00,0.02,-0.7,-4.0,-2.4,88.37,0.0,0.0,13.2,9.3,314.0,1007.9,5.0,0.0,0.0,0.0,clear-night
2023-11-29 02:00:00,0.05,-1.0,-4.1,-2.9,87.31,0.0,0.0,10.9,8.4,314.0,1007.7,18.3,0.0,0.0,0.0,clear-night
2023-11-29 03:00:00,0.14,-1.5,-4.5,-3.5,86.14,0.0,0.0,11.0,8.0,309.0,1007.4,16.8,0.0,0.0,0.0,clear-night
2023-11-29 04:00:00,0.43,-1.5,-4.9,-3.6,85.72,0.0,0.0,11.4,9.0,322.0,1006.9,16.8,0.0,0.0,0.0,clear-night
2023-11-29 05:00:00,0.14,-1.8,-5.2,-4.1,84.6,0.0,0.0,11.7,9.0,334.0,1006.7,16.8,0.0,0.0,0.0,clear-night
2023-11-29 06:00:00,0.57,-2.0,-5.4,-4.2,85.05,0.0,0.0,11.8,9.0,316.0,1006.4,16.8,0.0,0.0,0.0,clear-night
2023-11-29 07:00:00,1.64,-2.1,-6.0,-4.3,85.35,0.0,0.0,13.6,10.5,326.0,1006.3,16.8,0.0,0.0,0.0,clear-night
2023-11-29 08:00:00,0.14,-2.4,-5.8,-4.2,87.22,0.0,0.0,11.5,8.9,320.0,1006.2,16.8,9.0,0.0,0.0,clear-day
2023-11-29 09:00:00,0.44,-2.1,-5.7,-4.0,86.93,0.0,0.0,11.7,9.6,334.0,1006.3,16.8,114.0,0.4,1.0,clear-day
2023-11-29 10:00:00,0.14,-1.1,-4.3,-3.3,85.08,0.0,0.0,11.9,8.8,332.0,1006.0,17.1,172.0,0.6,2.0,clear-day
2023-11-29 11:00:00,1.38,0.1,-2.8,-2.6,82.14,0.0,0.0,11.5,8.8,304.0,1005.6,12.4,275.0,1.0,3.0,clear-day
2023-11-29 12:00:00,0.57,0.3,-2.8,-2.4,82.09,0.0,0.0,13.1,9.4,311.0,1005.1,11.4,285.0,1.0,3.0,clear-day
2023-11-29 13:00:00,0.14,1.1,-1.4,-2.1,79.39,0.022,100.0,13.3,7.9,312.0,1004.7,0.0,258.0,0.9,3.0,rain
2023-11-29 14:00:00,0.45,0.8,-1.8,-2.2,80.39,0.0,0.0,12.0,8.1,340.0,1004.3,0.0,70.0,0.3,1.0,clear-day
2023-11-29 15:00:00,0.14,0.9,-1.6,-2.1,79.83,0.0,0.0,11.7,7.8,319.0,1004.0,0.0,49.0,0.2,0.0,clear-day
2023-11-29 16:00:00,1.69,-0.5,-2.9,-2.5,86.41,0.0,0.0,8.8,6.9,344.0,1004.2,2.4,0.0,0.0,0.0,clear-night
2023-11-29 17:00:00,0.64,-1.2,-4.2,-2.5,90.95,0.042,100.0,9.7,7.9,296.0,1004.4,87.9,0.0,0.0,0.0,snow
2023-11-29 18:00:00,0.52,-1.5,-4.4,-3.0,89.31,0.0,0.0,10.5,7.8,314.0,1004.4,44.3,0.0,0.0,0.0,partly-cloudy-night
2023-11-29 19:00:00,0.15,-1.7,-4.3,-2.9,91.51,0.0,0.0,8.2,6.6,342.0,1004.4,49.7,0.0,0.0,0.0,partly-cloudy-night
2023-11-29 20:00:00,0.88,-1.6,-4.6,-2.9,91.05,0.0,0.0,9.9,7.9,312.0,1004.3,29.2,0.0,0.0,0.0,partly-cloudy-night
2023-11-29 21:00:00,1.82,-1.9,-4.6,-3.2,90.38,0.0,0.0,8.8,7.2,335.0,1004.2,68.4,0.0,0.0,0.0,partly-cloudy-night
2023-11-29 22:00:00,1.25,-1.8,-4.5,-3.4,89.1,0.0,0.0,9.5,7.0,335.0,1004.1,37.8,0.0,0.0,0.0,partly-cloudy-night
2023-11-29 23:00:00,0.78,-1.5,-5.2,-2.8,91.11,0.0,0.0,14.3,10.3,340.0,1004.2,29.8,0.0,0.0,0.0,partly-cloudy-night
