datetime,sensor_temp
2023-11-02 19:00:00,20.91329479768786
2023-11-02 19:30:00,20.971098265895954
2023-11-02 20:00:00,21.028901734104046
2023-11-02 20:30:00,21.052023121387283
2023-11-02 21:00:00,21.07514450867052
2023-11-02 21:30:00,21.09826589595376
2023-11-02 22:00:00,21.121387283236995
2023-11-02 22:30:00,21.121387283236995
2023-11-02 23:00:00,21.121387283236995
2023-11-02 23:30:00,21.202312138728324
2023-11-03 00:00:00,21.283236994219653
2023-11-03 00:30:00,21.341040462427745
2023-11-03 01:00:00,21.398843930635838
2023-11-03 01:30:00,21.421965317919074
2023-11-03 02:00:00,21.44508670520231
2023-11-03 02:30:00,21.514450867052023
2023-11-03 03:00:00,21.583815028901732
2023-11-03 03:30:00,21.583815028901732
2023-11-03 04:00:00,21.583815028901732
2023-11-03 04:30:00,21.560693641618496
2023-11-03 05:00:00,21.53757225433526
2023-11-03 05:30:00,21.54913294797688
2023-11-03 06:00:00,21.560693641618496
2023-11-03 06:30:00,21.572254335260116
2023-11-03 07:00:00,21.583815028901732
2023-11-03 07:30:00,21.514450867052023
2023-11-03 08:00:00,21.44508670520231
2023-11-03 08:30:00,21.3757225433526
2023-11-03 09:00:00,21.30635838150289
2023-11-03 09:30:00,21.07514450867052
2023-11-03 10:00:00,20.84393063583815
2023-11-03 10:30:00,20.647398843930635
2023-11-03 11:00:00,20.45086705202312
2023-11-03 11:30:00,19.89595375722543
2023-11-03 12:00:00,19.341040462427745
2023-11-03 12:30:00,19.36416184971098
2023-11-03 13:00:00,19.387283236994218
2023-11-03 13:30:00,19.410404624277454
2023-11-03 14:00:00,19.433526011560694
2023-11-03 14:30:00,19.884393063583815
2023-11-03 15:00:00,20.335260115606935
2023-11-03 15:30:00,20.497109826589593
2023-11-03 16:00:00,20.65895953757225
2023-11-03 16:30:00,20.797687861271676
2023-11-03 17:00:00,20.936416184971097
2023-11-03 17:30:00,21.005780346820806
2023-11-03 18:00:00,21.07514450867052
2023-11-03 18:30:00,21.167630057803468
2023-11-03 19:00:00,21.260115606936417
2023-11-03 19:30:00,21.260115606936417
2023-11-03 20:00:00,21.260115606936417
2023-11-03 20:30:00,21.236994219653177
2023-11-03 21:00:00,21.21387283236994
2023-11-03 21:30:00,21.271676300578033
2023-11-03 22:00:00,21.329479768786126
2023-11-03 22:30:00,21.29479768786127
2023-11-03 23:00:00,21.260115606936417
2023-11-03 23:30:00,21.352601156069362
2023-11-04 00:00:00,21.44508670520231
2023-11-04 00:30:00,21.572254335260116
2023-11-04 01:00:00,21.699421965317917
2023-11-04 01:30:00,21.76878612716763
2023-11-04 02:00:00,21.838150289017342
2023-11-04 02:30:00,21.90751445086705
2023-11-04 03:00:00,21.976878612716764
2023-11-04 03:30:00,22.023121387283236
2023-11-04 04:00:00,22.06936416184971
2023-11-04 04:30:00,22.161849710982658
2023-11-04 05:00:00,22.254335260115607
2023-11-04 05:30:00,22.404624277456648
2023-11-04 06:00:00,22.554913294797686
2023-11-04 06:30:00,22.67052023121387
2023-11-04 07:00:00,22.786127167630056
2023-11-04 07:30:00,22.728323699421964
2023-11-04 08:00:00,22.67052023121387
2023-11-04 08:30:00,22.589595375722542
2023-11-04 09:00:00,22.508670520231213
2023-11-04 09:30:00,22.4393063583815
2023-11-04 10:00:00,22.36994219653179
2023-11-04 10:30:00,22.38150289017341
2023-11-04 11:00:00,22.393063583815028
2023-11-04 11:30:00,22.3121387283237
2023-11-04 12:00:00,22.23121387283237
2023-11-04 12:30:00,22.161849710982658
2023-11-04 13:00:00,22.09248554913295
2023-11-04 13:30:00,22.023121387283236
2023-11-04 14:00:00,21.953757225433527
2023-11-04 14:30:00,21.90751445086705
2023-11-04 15:00:00,21.86127167630058
2023-11-04 15:30:00,21.84971098265896
2023-11-04 16:00:00,21.838150289017342
2023-11-04 16:30:00,21.78034682080925
2023-11-04 17:00:00,21.722543352601157
2023-11-04 17:30:00,21.734104046242773
2023-11-04 18:00:00,21.745664739884393
2023-11-04 18:30:00,21.722543352601157
2023-11-04 19:00:00,21.699421965317917
2023-11-04 19:30:00,21.61849710982659
2023-11-04 20:00:00,21.53757225433526
2023-11-04 20:30:00,21.595375722543352
2023-11-04 21:00:00,21.653179190751445
2023-11-04 21:30:00,21.61849710982659
2023-11-04 22:00:00,21.583815028901732
2023-11-04 22:30:00,21.53757225433526
2023-11-04 23:00:00,21.491329479768787
2023-11-04 23:30:00,21.491329479768787
2023-11-05 00:00:00,21.491329479768787
2023-11-05 00:30:00,21.479768786127167
2023-11-05 01:00:00,21.468208092485547
2023-11-05 01:30:00,21.514450867052023
2023-11-05 02:00:00,21.560693641618496
2023-11-05 02:30:00,21.572254335260116
2023-11-05 03:00:00,21.583815028901732
2023-11-05 03:30:00,21.641618497109825
2023-11-05 04:00:00,21.699421965317917
2023-11-05 04:30:00,21.75722543352601
2023-11-05 05:00:00,21.815028901734102
2023-11-05 05:30:00,21.86127167630058
2023-11-05 06:00:00,21.90751445086705
2023-11-05 06:30:00,22.057803468208093
2023-11-05 07:00:00,22.208092485549134
2023-11-05 07:30:00,22.184971098265894
2023-11-05 08:00:00,22.161849710982658
2023-11-05 08:30:00,22.011560693641616
2023-11-05 09:00:00,21.86127167630058
2023-11-05 09:30:00,21.560693641618496
2023-11-05 10:00:00,21.260115606936417
2023-11-05 10:30:00,21.08670520231214
2023-11-05 11:00:00,20.91329479768786
2023-11-05 11:30:00,20.728323699421964
2023-11-05 12:00:00,20.54335260115607
2023-11-05 12:30:00,20.601156069364162
2023-11-05 13:00:00,20.658959537572255
2023-11-05 13:30:00,20.508670520231213
2023-11-05 14:00:00,20.358381502890172
2023-11-05 14:30:00,20.381502890173408
2023-11-05 15:00:00,20.404624277456648
2023-11-05 15:30:00,20.554913294797686
2023-11-05 16:00:00,20.705202312138727
2023-11-05 16:30:00,20.959537572254334
2023-11-05 17:00:00,21.21387283236994
2023-11-05 17:30:00,21.29479768786127
2023-11-05 18:00:00,21.3757225433526
2023-11-05 18:30:00,21.398843930635838
2023-11-05 19:00:00,21.421965317919074
2023-11-05 19:30:00,21.468208092485547
2023-11-05 20:00:00,21.514450867052023
2023-11-05 20:30:00,21.53757225433526
2023-11-05 21:00:00,21.560693641618496
2023-11-05 21:30:00,21.710982658959537
2023-11-05 22:00:00,21.86127167630058
2023-11-05 22:30:00,21.884393063583815
2023-11-05 23:00:00,21.90751445086705
2023-11-05 23:30:00,21.86127167630058
2023-11-06 00:00:00,21.815028901734102
2023-11-06 00:30:00,21.78034682080925
2023-11-06 01:00:00,21.745664739884393
2023-11-06 01:30:00,21.76878612716763
2023-11-06 02:00:00,21.791907514450866
2023-11-06 02:30:00,21.815028901734102
2023-11-06 03:00:00,21.838150289017342
2023-11-06 03:30:00,21.895953757225435
2023-11-06 04:00:00,21.953757225433527
2023-11-06 04:30:00,22.011560693641616
2023-11-06 05:00:00,22.06936416184971
2023-11-06 05:30:00,22.06936416184971
2023-11-06 06:00:00,22.06936416184971
2023-11-06 06:30:00,22.09248554913295
2023-11-06 07:00:00,22.115606936416185
2023-11-06 07:30:00,22.023121387283236
2023-11-06 08:00:00,21.930635838150287
2023-11-06 08:30:00,21.84971098265896
2023-11-06 09:00:00,21.76878612716763
2023-11-06 09:30:00,21.52601156069364
2023-11-06 10:00:00,21.283236994219653
2023-11-06 10:30:00,21.09826589595376
2023-11-06 11:00:00,20.91329479768786
2023-11-06 11:30:00,20.83236994219653
2023-11-06 12:00:00,20.751445086705203
2023-11-06 12:30:00,20.53179190751445
2023-11-06 13:00:00,20.3121387283237
2023-11-06 13:30:00,20.520231213872833
2023-11-06 14:00:00,20.728323699421964
2023-11-06 14:30:00,20.84393063583815
2023-11-06 15:00:00,20.959537572254334
2023-11-06 15:30:00,21.14450867052023
2023-11-06 16:00:00,21.329479768786126
2023-11-06 16:30:00,21.08670520231214
2023-11-06 17:00:00,20.84393063583815
2023-11-06 17:30:00,20.786127167630056
2023-11-06 18:00:00,20.728323699421964
2023-11-06 18:30:00,20.77456647398844
2023-11-06 19:00:00,20.820809248554912
2023-11-06 19:30:00,20.89017341040462
2023-11-06 20:00:00,20.959537572254334
2023-11-06 20:30:00,21.329479768786126
2023-11-06 21:00:00,21.699421965317917
2023-11-06 21:30:00,21.6878612716763
2023-11-06 22:00:00,21.67630057803468
2023-11-06 22:30:00,21.710982658959537
2023-11-06 23:00:00,21.745664739884393
2023-11-06 23:30:00,21.722543352601157
2023-11-07 00:00:00,21.699421965317917
2023-11-07 00:30:00,21.78034682080925
2023-11-07 01:00:00,21.86127167630058
2023-11-07 01:30:00,21.942196531791907
2023-11-07 02:00:00,22.023121387283236
2023-11-07 02:30:00,22.0
2023-11-07 03:00:00,21.976878612716764
2023-11-07 03:30:00,22.023121387283236
2023-11-07 04:00:00,22.06936416184971
2023-11-07 04:30:00,22.115606936416185
2023-11-07 05:00:00,22.161849710982658
2023-11-07 05:30:00,22.13872832369942
2023-11-07 06:00:00,22.115606936416185
2023-11-07 06:30:00,22.023121387283236
2023-11-07 07:00:00,21.930635838150287
2023-11-07 07:30:00,21.86127167630058
2023-11-07 08:00:00,21.791907514450866
2023-11-07 08:30:00,21.595375722543352
2023-11-07 09:00:00,21.398843930635838
2023-11-07 09:30:00,21.283236994219653
2023-11-07 10:00:00,21.167630057803468
2023-11-07 10:30:00,21.052023121387283
2023-11-07 11:00:00,20.936416184971097
2023-11-07 11:30:00,20.705202312138727
2023-11-07 12:00:00,20.473988439306357
2023-11-07 12:30:00,20.416184971098264
2023-11-07 13:00:00,20.358381502890172
2023-11-07 13:30:00,20.346820809248555
2023-11-07 14:00:00,20.335260115606935
2023-11-07 14:30:00,20.30057803468208
2023-11-07 15:00:00,20.265895953757223
2023-11-07 15:30:00,20.381502890173408
2023-11-07 16:00:00,20.497109826589593
2023-11-07 16:30:00,20.809248554913296
2023-11-07 17:00:00,21.12138728323699
2023-11-07 17:30:00,21.260115606936417
2023-11-07 18:00:00,21.398843930635838
2023-11-07 18:30:00,21.421965317919074
2023-11-07 19:00:00,21.44508670520231
2023-11-07 19:30:00,21.572254335260116
2023-11-07 20:00:00,21.699421965317917
2023-11-07 20:30:00,21.78034682080925
2023-11-07 21:00:00,21.86127167630058
2023-11-07 21:30:00,21.953757225433527
2023-11-07 22:00:00,22.046242774566473
2023-11-07 22:30:00,22.034682080924856
2023-11-07 23:00:00,22.023121387283236
2023-11-07 23:30:00,22.115606936416185
2023-11-08 00:00:00,22.208092485549134
2023-11-08 00:30:00,22.161849710982658
2023-11-08 01:00:00,22.115606936416185
2023-11-08 01:30:00,22.06936416184971
2023-11-08 02:00:00,22.023121387283236
2023-11-08 02:30:00,21.953757225433527
2023-11-08 03:00:00,21.884393063583815
2023-11-08 03:30:00,21.953757225433527
2023-11-08 04:00:00,22.023121387283236
2023-11-08 04:30:00,21.965317919075144
2023-11-08 05:00:00,21.90751445086705
2023-11-08 05:30:00,21.90751445086705
2023-11-08 06:00:00,21.90751445086705
2023-11-08 06:30:00,21.86127167630058
2023-11-08 07:00:00,21.815028901734102
2023-11-08 07:30:00,21.6878612716763
2023-11-08 08:00:00,21.560693641618496
2023-11-08 08:30:00,21.341040462427745
2023-11-08 09:00:00,21.12138728323699
2023-11-08 09:30:00,20.739884393063583
2023-11-08 10:00:00,20.358381502890172
2023-11-08 10:30:00,20.54335260115607
2023-11-08 11:00:00,20.728323699421964
2023-11-08 11:30:00,20.84393063583815
2023-11-08 12:00:00,20.959537572254334
2023-11-08 12:30:00,20.91329479768786
2023-11-08 13:00:00,20.86705202312139
2023-11-08 13:30:00,20.89017341040462
2023-11-08 14:00:00,20.91329479768786
2023-11-08 14:30:00,21.017341040462426
2023-11-08 15:00:00,21.12138728323699
2023-11-08 15:30:00,21.202312138728324
2023-11-08 16:00:00,21.283236994219653
2023-11-08 16:30:00,21.45664739884393
2023-11-08 17:00:00,21.63005780346821
2023-11-08 17:30:00,21.78034682080925
2023-11-08 18:00:00,21.930635838150287
2023-11-08 18:30:00,22.011560693641616
2023-11-08 19:00:00,22.09248554913295
2023-11-08 19:30:00,22.115606936416185
2023-11-08 20:00:00,22.13872832369942
2023-11-08 20:30:00,22.161849710982658
2023-11-08 21:00:00,22.184971098265894
2023-11-08 21:30:00,22.173410404624278
2023-11-08 22:00:00,22.161849710982658
2023-11-08 22:30:00,22.15028901734104
2023-11-08 23:00:00,22.13872832369942
2023-11-08 23:30:00,22.173410404624278
2023-11-09 00:00:00,22.208092485549134
2023-11-09 00:30:00,22.196531791907514
2023-11-09 01:00:00,22.184971098265894
2023-11-09 01:30:00,22.208092485549134
2023-11-09 02:00:00,22.23121387283237
2023-11-09 02:30:00,22.254335260115607
2023-11-09 03:00:00,22.277456647398843
2023-11-09 03:30:00,22.30057803468208
2023-11-09 04:00:00,22.32369942196532
2023-11-09 04:30:00,22.393063583815028
2023-11-09 05:00:00,22.46242774566474
2023-11-09 05:30:00,22.358381502890172
2023-11-09 06:00:00,22.254335260115607
2023-11-09 06:30:00,22.289017341040463
2023-11-09 07:00:00,22.32369942196532
2023-11-09 07:30:00,22.277456647398843
2023-11-09 08:00:00,22.23121387283237
2023-11-09 08:30:00,22.208092485549134
2023-11-09 09:00:00,22.184971098265894
2023-11-09 09:30:00,22.06936416184971
2023-11-09 10:00:00,21.953757225433527
2023-11-09 10:30:00,21.699421965317917
2023-11-09 11:00:00,21.44508670520231
2023-11-09 11:30:00,21.468208092485547
2023-11-09 12:00:00,21.491329479768787
2023-11-09 12:30:00,21.514450867052023
2023-11-09 13:00:00,21.53757225433526
2023-11-09 13:30:00,21.572254335260116
2023-11-09 14:00:00,21.606936416184972
2023-11-09 14:30:00,21.6878612716763
2023-11-09 15:00:00,21.76878612716763
2023-11-09 15:30:00,21.872832369942195
2023-11-09 16:00:00,21.976878612716764
2023-11-09 16:30:00,22.057803468208093
2023-11-09 17:00:00,22.13872832369942
2023-11-09 17:30:00,22.23121387283237
2023-11-09 18:00:00,22.32369942196532
2023-11-09 18:30:00,22.346820809248555
2023-11-09 19:00:00,22.36994219653179
2023-11-09 19:30:00,22.416184971098264
2023-11-09 20:00:00,22.46242774566474
2023-11-09 20:30:00,22.497109826589593
2023-11-09 21:00:00,22.53179190751445
2023-11-09 21:30:00,22.554913294797686
2023-11-09 22:00:00,22.578034682080926
2023-11-09 22:30:00,22.601156069364162
2023-11-09 23:00:00,22.6242774566474
2023-11-09 23:30:00,22.554913294797686
2023-11-10 00:00:00,22.485549132947977
2023-11-10 00:30:00,22.416184971098264
2023-11-10 01:00:00,22.346820809248555
2023-11-10 01:30:00,22.358381502890172
2023-11-10 02:00:00,22.36994219653179
2023-11-10 02:30:00,22.53179190751445
2023-11-10 03:00:00,22.69364161849711
2023-11-10 03:30:00,22.68208092485549
2023-11-10 04:00:00,22.67052023121387
2023-11-10 04:30:00,22.786127167630056
2023-11-10 05:00:00,22.90173410404624
2023-11-10 05:30:00,22.936416184971097
2023-11-10 06:00:00,22.971098265895954
2023-11-10 06:30:00,22.86705202312139
2023-11-10 07:00:00,22.76300578034682
2023-11-10 07:30:00,22.90173410404624
2023-11-10 08:00:00,23.040462427745666
2023-11-10 08:30:00,22.936416184971097
2023-11-10 09:00:00,22.832369942196532
2023-11-10 09:30:00,22.53179190751445
2023-11-10 10:00:00,22.23121387283237
2023-11-10 10:30:00,22.034682080924856
2023-11-10 11:00:00,21.838150289017342
2023-11-10 11:30:00,21.745664739884393
2023-11-10 12:00:00,21.653179190751445
2023-11-10 12:30:00,21.491329479768787
2023-11-10 13:00:00,21.329479768786126
2023-11-10 13:30:00,21.3757225433526
2023-11-10 14:00:00,21.421965317919074
2023-11-10 14:30:00,21.502890173410403
2023-11-10 15:00:00,21.583815028901732
2023-11-10 15:30:00,21.826589595375722
2023-11-10 16:00:00,22.06936416184971
2023-11-10 16:30:00,22.36994219653179
2023-11-10 17:00:00,22.67052023121387
2023-11-10 17:30:00,22.728323699421964
2023-11-10 18:00:00,22.786127167630056
2023-11-10 18:30:00,22.786127167630056
2023-11-10 19:00:00,22.786127167630056
2023-11-10 19:30:00,22.890173410404625
2023-11-10 20:00:00,22.99421965317919
2023-11-10 20:30:00,23.052023121387283
2023-11-10 21:00:00,23.109826589595375
2023-11-10 21:30:00,23.028901734104046
2023-11-10 22:00:00,22.947976878612717
2023-11-10 22:30:00,22.92485549132948
2023-11-10 23:00:00,22.90173410404624
2023-11-10 23:30:00,22.92485549132948
2023-11-11 00:00:00,22.947976878612717
2023-11-11 00:30:00,22.86705202312139
2023-11-11 01:00:00,22.786127167630056
2023-11-11 01:30:00,22.84393063583815
2023-11-11 02:00:00,22.90173410404624
2023-11-11 02:30:00,23.028901734104046
2023-11-11 03:00:00,23.15606936416185
2023-11-11 03:30:00,23.15606936416185
2023-11-11 04:00:00,23.156069364161848
2023-11-11 04:30:00,23.167630057803468
2023-11-11 05:00:00,23.179190751445088
2023-11-11 05:30:00,23.36416184971098
2023-11-11 06:00:00,23.54913294797688
2023-11-11 06:30:00,23.52601156069364
2023-11-11 07:00:00,23.502890173410403
2023-11-11 07:30:00,23.479768786127167
2023-11-11 08:00:00,23.45664739884393
2023-11-11 08:30:00,23.213872832369944
2023-11-11 09:00:00,22.971098265895954
2023-11-11 09:30:00,22.416184971098264
2023-11-11 10:00:00,21.86127167630058
2023-11-11 10:30:00,21.560693641618496
2023-11-11 11:00:00,21.260115606936417
2023-11-11 11:30:00,21.017341040462426
2023-11-11 12:00:00,20.774566473988436
2023-11-11 12:30:00,20.6242774566474
2023-11-11 13:00:00,20.473988439306357
2023-11-11 13:30:00,20.346820809248555
2023-11-11 14:00:00,20.21965317919075
2023-11-11 14:30:00,20.289017341040463
2023-11-11 15:00:00,20.358381502890172
2023-11-11 15:30:00,20.63583815028902
2023-11-11 16:00:00,20.91329479768786
2023-11-11 16:30:00,21.283236994219653
2023-11-11 17:00:00,21.653179190751445
2023-11-11 17:30:00,21.791907514450866
2023-11-11 18:00:00,21.930635838150287
2023-11-11 18:30:00,22.09248554913295
2023-11-11 19:00:00,22.254335260115607
2023-11-11 19:30:00,22.32369942196532
2023-11-11 20:00:00,22.393063583815028
2023-11-11 20:30:00,22.4393063583815
2023-11-11 21:00:00,22.485549132947977
2023-11-11 21:30:00,22.658959537572255
2023-11-11 22:00:00,22.832369942196532
2023-11-11 22:30:00,23.052023121387283
2023-11-11 23:00:00,23.271676300578033
2023-11-11 23:30:00,23.387283236994218
2023-11-12 00:00:00,23.502890173410403
2023-11-12 00:30:00,23.468208092485547
2023-11-12 01:00:00,23.433526011560694
2023-11-12 01:30:00,23.502890173410403
2023-11-12 02:00:00,23.572254335260116
2023-11-12 02:30:00,23.514450867052023
2023-11-12 03:00:00,23.45664739884393
2023-11-12 03:30:00,23.45664739884393
2023-11-12 04:00:00,23.45664739884393
2023-11-12 04:30:00,23.491329479768787
2023-11-12 05:00:00,23.52601156069364
2023-11-12 05:30:00,23.583815028901732
2023-11-12 06:00:00,23.641618497109825
2023-11-12 06:30:00,23.560693641618496
2023-11-12 07:00:00,23.479768786127167
2023-11-12 07:30:00,23.398843930635838
2023-11-12 08:00:00,23.31791907514451
2023-11-12 08:30:00,23.31791907514451
2023-11-12 09:00:00,23.31791907514451
2023-11-12 09:30:00,23.202312138728324
2023-11-12 10:00:00,23.08670520231214
2023-11-12 10:30:00,23.063583815028903
2023-11-12 11:00:00,23.040462427745666
2023-11-12 11:30:00,22.98265895953757
2023-11-12 12:00:00,22.92485549132948
2023-11-12 12:30:00,22.809248554913296
2023-11-12 13:00:00,22.69364161849711
2023-11-12 13:30:00,22.67052023121387
2023-11-12 14:00:00,22.647398843930635
2023-11-12 14:30:00,22.63583815028902
2023-11-12 15:00:00,22.6242774566474
2023-11-12 15:30:00,22.601156069364162
2023-11-12 16:00:00,22.578034682080926
2023-11-12 16:30:00,22.520231213872833
2023-11-12 17:00:00,22.46242774566474
2023-11-12 17:30:00,22.393063583815028
2023-11-12 18:00:00,22.32369942196532
2023-11-12 18:30:00,22.208092485549134
2023-11-12 19:00:00,22.09248554913295
2023-11-12 19:30:00,21.91907514450867
2023-11-12 20:00:00,21.745664739884393
2023-11-12 20:30:00,21.595375722543352
2023-11-12 21:00:00,21.44508670520231
2023-11-12 21:30:00,21.352601156069362
2023-11-12 22:00:00,21.260115606936417
2023-11-12 22:30:00,21.236994219653177
2023-11-12 23:00:00,21.21387283236994
2023-11-12 23:30:00,21.236994219653177
2023-11-13 00:00:00,21.260115606936417
2023-11-13 00:30:00,21.13294797687861
2023-11-13 01:00:00,21.005780346820806
2023-11-13 01:30:00,21.017341040462426
2023-11-13 02:00:00,21.028901734104046
2023-11-13 02:30:00,21.08670520231214
2023-11-13 03:00:00,21.14450867052023
2023-11-13 03:30:00,21.14450867052023
2023-11-13 04:00:00,21.14450867052023
2023-11-13 04:30:00,21.22543352601156
2023-11-13 05:00:00,21.30635838150289
2023-11-13 05:30:00,21.398843930635838
2023-11-13 06:00:00,21.491329479768787
2023-11-13 06:30:00,21.572254335260116
2023-11-13 07:00:00,21.653179190751445
2023-11-13 07:30:00,21.398843930635838
2023-11-13 08:00:00,21.14450867052023
2023-11-13 08:30:00,20.265895953757223
2023-11-13 09:00:00,19.387283236994218
2023-11-13 09:30:00,19.22543352601156
2023-11-13 10:00:00,19.0635838150289
2023-11-13 10:30:00,19.109826589595375
2023-11-13 11:00:00,19.156069364161848
2023-11-13 11:30:00,19.13294797687861
2023-11-13 12:00:00,19.109826589595375
2023-11-13 12:30:00,19.13294797687861
2023-11-13 13:00:00,19.156069364161848
2023-11-13 13:30:00,19.202312138728324
2023-11-13 14:00:00,19.248554913294797
2023-11-13 14:30:00,19.202312138728324
2023-11-13 15:00:00,19.156069364161848
2023-11-13 15:30:00,19.31791907514451
2023-11-13 16:00:00,19.479768786127167
2023-11-13 16:30:00,20.092485549132945
2023-11-13 17:00:00,20.705202312138727
2023-11-13 17:30:00,20.6242774566474
2023-11-13 18:00:00,20.54335260115607
2023-11-13 18:30:00,20.01156069364162
2023-11-13 19:00:00,19.479768786127167
2023-11-13 19:30:00,20.023121387283236
2023-11-13 20:00:00,20.566473988439306
2023-11-13 20:30:00,20.65895953757225
2023-11-13 21:00:00,20.751445086705203
2023-11-13 21:30:00,20.65895953757225
2023-11-13 22:00:00,20.566473988439306
2023-11-13 22:30:00,20.54335260115607
2023-11-13 23:00:00,20.520231213872833
2023-11-13 23:30:00,20.53179190751445
2023-11-14 00:00:00,20.54335260115607
2023-11-14 00:30:00,20.54335260115607
2023-11-14 01:00:00,20.54335260115607
2023-11-14 01:30:00,20.485549132947977
2023-11-14 02:00:00,20.427745664739884
2023-11-14 02:30:00,20.4393063583815
2023-11-14 03:00:00,20.45086705202312
2023-11-14 03:30:00,20.497109826589593
2023-11-14 04:00:00,20.54335260115607
2023-11-14 04:30:00,20.578034682080926
2023-11-14 05:00:00,20.61271676300578
2023-11-14 05:30:00,20.716763005780347
2023-11-14 06:00:00,20.820809248554912
2023-11-14 06:30:00,20.797687861271676
2023-11-14 07:00:00,20.77456647398844
2023-11-14 07:30:00,20.809248554913296
2023-11-14 08:00:00,20.84393063583815
2023-11-14 08:30:00,20.84393063583815
2023-11-14 09:00:00,20.84393063583815
2023-11-14 09:30:00,20.69364161849711
2023-11-14 10:00:00,20.54335260115607
2023-11-14 10:30:00,20.36994219653179
2023-11-14 11:00:00,20.196531791907514
2023-11-14 11:30:00,20.161849710982658
2023-11-14 12:00:00,20.1271676300578
2023-11-14 12:30:00,19.78034682080925
2023-11-14 13:00:00,19.433526011560694
2023-11-14 13:30:00,19.734104046242773
2023-11-14 14:00:00,20.034682080924853
2023-11-14 14:30:00,20.069364161849713
2023-11-14 15:00:00,20.104046242774565
2023-11-14 15:30:00,20.242774566473987
2023-11-14 16:00:00,20.381502890173408
2023-11-14 16:30:00,20.497109826589593
2023-11-14 17:00:00,20.61271676300578
2023-11-14 17:30:00,20.67052023121387
2023-11-14 18:00:00,20.728323699421964
2023-11-14 18:30:00,20.77456647398844
2023-11-14 19:00:00,20.820809248554912
2023-11-14 19:30:00,20.832369942196532
2023-11-14 20:00:00,20.84393063583815
2023-11-14 20:30:00,20.601156069364162
2023-11-14 21:00:00,20.358381502890172
2023-11-14 21:30:00,20.6242774566474
2023-11-14 22:00:00,20.890173410404625
2023-11-14 22:30:00,20.89017341040462
2023-11-14 23:00:00,20.89017341040462
2023-11-14 23:30:00,20.959537572254334
2023-11-15 00:00:00,21.028901734104046
2023-11-15 00:30:00,21.005780346820806
2023-11-15 01:00:00,20.982658959537574
2023-11-15 01:30:00,21.028901734104046
2023-11-15 02:00:00,21.07514450867052
2023-11-15 02:30:00,21.13294797687861
2023-11-15 03:00:00,21.190751445086704
2023-11-15 03:30:00,21.248554913294797
2023-11-15 04:00:00,21.30635838150289
2023-11-15 04:30:00,21.352601156069362
2023-11-15 05:00:00,21.398843930635838
2023-11-15 05:30:00,21.45664739884393
2023-11-15 06:00:00,21.514450867052023
2023-11-15 06:30:00,21.53757225433526
2023-11-15 07:00:00,21.560693641618496
2023-11-15 07:30:00,21.468208092485547
2023-11-15 08:00:00,21.3757225433526
2023-11-15 08:30:00,21.479768786127167
2023-11-15 09:00:00,21.583815028901732
2023-11-15 09:30:00,21.514450867052023
2023-11-15 10:00:00,21.44508670520231
2023-11-15 10:30:00,21.352601156069362
2023-11-15 11:00:00,21.260115606936417
2023-11-15 11:30:00,21.236994219653177
2023-11-15 12:00:00,21.21387283236994
2023-11-15 12:30:00,21.167630057803468
2023-11-15 13:00:00,21.12138728323699
2023-11-15 13:30:00,21.08670520231214
2023-11-15 14:00:00,21.052023121387283
2023-11-15 14:30:00,21.12138728323699
2023-11-15 15:00:00,21.190751445086704
2023-11-15 15:30:00,21.22543352601156
2023-11-15 16:00:00,21.260115606936417
2023-11-15 16:30:00,21.352601156069362
2023-11-15 17:00:00,21.44508670520231
2023-11-15 17:30:00,21.433526011560694
2023-11-15 18:00:00,21.421965317919074
2023-11-15 18:30:00,21.45664739884393
2023-11-15 19:00:00,21.491329479768787
2023-11-15 19:30:00,21.502890173410403
2023-11-15 20:00:00,21.514450867052023
2023-11-15 20:30:00,21.54913294797688
2023-11-15 21:00:00,21.583815028901732
2023-11-15 21:30:00,21.63005780346821
2023-11-15 22:00:00,21.67630057803468
2023-11-15 22:30:00,21.745664739884393
2023-11-15 23:00:00,21.815028901734102
2023-11-15 23:30:00,21.965317919075144
2023-11-16 00:00:00,22.115606936416185
2023-11-16 00:30:00,22.21965317919075
2023-11-16 01:00:00,22.32369942196532
2023-11-16 01:30:00,22.254335260115607
2023-11-16 02:00:00,22.184971098265894
2023-11-16 02:30:00,22.196531791907514
2023-11-16 03:00:00,22.208092485549134
2023-11-16 03:30:00,22.173410404624278
2023-11-16 04:00:00,22.13872832369942
2023-11-16 04:30:00,22.21965317919075
2023-11-16 05:00:00,22.30057803468208
2023-11-16 05:30:00,22.208092485549134
2023-11-16 06:00:00,22.115606936416185
2023-11-16 06:30:00,22.115606936416185
2023-11-16 07:00:00,22.115606936416185
2023-11-16 07:30:00,22.21965317919075
2023-11-16 08:00:00,22.32369942196532
2023-11-16 08:30:00,22.277456647398843
2023-11-16 09:00:00,22.23121387283237
2023-11-16 09:30:00,22.1271676300578
2023-11-16 10:00:00,22.023121387283236
2023-11-16 10:30:00,21.91907514450867
2023-11-16 11:00:00,21.815028901734102
2023-11-16 11:30:00,21.78034682080925
2023-11-16 12:00:00,21.745664739884393
2023-11-16 12:30:00,21.44508670520231
2023-11-16 13:00:00,21.14450867052023
2023-11-16 13:30:00,21.07514450867052
2023-11-16 14:00:00,21.005780346820806
2023-11-16 14:30:00,20.982658959537574
2023-11-16 15:00:00,20.959537572254334
2023-11-16 15:30:00,21.028901734104046
2023-11-16 16:00:00,21.09826589595376
2023-11-16 16:30:00,21.29479768786127
2023-11-16 17:00:00,21.491329479768787
2023-11-16 17:30:00,21.606936416184972
2023-11-16 18:00:00,21.722543352601157
2023-11-16 18:30:00,21.710982658959537
2023-11-16 19:00:00,21.699421965317917
2023-11-16 19:30:00,21.78034682080925
2023-11-16 20:00:00,21.86127167630058
2023-11-16 20:30:00,21.930635838150287
2023-11-16 21:00:00,22.0
2023-11-16 21:30:00,21.930635838150287
2023-11-16 22:00:00,21.86127167630058
2023-11-16 22:30:00,21.872832369942195
2023-11-16 23:00:00,21.884393063583815
2023-11-16 23:30:00,22.161849710982658
2023-11-17 00:00:00,22.4393063583815
2023-11-17 00:30:00,22.404624277456648
2023-11-17 01:00:00,22.36994219653179
2023-11-17 01:30:00,22.32369942196532
2023-11-17 02:00:00,22.277456647398843
2023-11-17 02:30:00,22.346820809248555
2023-11-17 03:00:00,22.416184971098264
2023-11-17 03:30:00,22.508670520231213
2023-11-17 04:00:00,22.601156069364162
2023-11-17 04:30:00,22.705202312138727
2023-11-17 05:00:00,22.809248554913296
2023-11-17 05:30:00,22.832369942196532
2023-11-17 06:00:00,22.85549132947977
2023-11-17 06:30:00,22.832369942196532
2023-11-17 07:00:00,22.809248554913296
2023-11-17 07:30:00,22.90173410404624
2023-11-17 08:00:00,22.99421965317919
2023-11-17 08:30:00,22.739884393063583
2023-11-17 09:00:00,22.485549132947977
2023-11-17 09:30:00,22.13872832369942
2023-11-17 10:00:00,21.791907514450866
2023-11-17 10:30:00,21.433526011560694
2023-11-17 11:00:00,21.07514450867052
2023-11-17 11:30:00,21.040462427745666
2023-11-17 12:00:00,21.00578034682081
2023-11-17 12:30:00,20.820809248554912
2023-11-17 13:00:00,20.63583815028902
2023-11-17 13:30:00,20.69364161849711
2023-11-17 14:00:00,20.751445086705203
2023-11-17 14:30:00,20.91329479768786
2023-11-17 15:00:00,21.07514450867052
2023-11-17 15:30:00,21.260115606936417
2023-11-17 16:00:00,21.44508670520231
2023-11-17 16:30:00,21.54913294797688
2023-11-17 17:00:00,21.653179190751445
2023-11-17 17:30:00,21.699421965317917
2023-11-17 18:00:00,21.745664739884393
2023-11-17 18:30:00,21.734104046242773
2023-11-17 19:00:00,21.722543352601157
2023-11-17 19:30:00,21.745664739884393
2023-11-17 20:00:00,21.76878612716763
2023-11-17 20:30:00,21.815028901734102
2023-11-17 21:00:00,21.86127167630058
2023-11-17 21:30:00,21.86127167630058
2023-11-17 22:00:00,21.86127167630058
2023-11-17 22:30:00,21.872832369942195
2023-11-17 23:00:00,21.884393063583815
2023-11-17 23:30:00,21.884393063583815
2023-11-18 00:00:00,21.884393063583815
2023-11-18 00:30:00,21.976878612716764
2023-11-18 01:00:00,22.06936416184971
2023-11-18 01:30:00,22.173410404624278
2023-11-18 02:00:00,22.277456647398843
2023-11-18 02:30:00,22.32369942196532
2023-11-18 03:00:00,22.36994219653179
2023-11-18 03:30:00,22.358381502890172
2023-11-18 04:00:00,22.346820809248555
2023-11-18 04:30:00,22.23121387283237
2023-11-18 05:00:00,22.115606936416185
2023-11-18 05:30:00,21.953757225433527
2023-11-18 06:00:00,21.791907514450866
2023-11-18 06:30:00,21.44508670520231
2023-11-18 07:00:00,21.09826589595376
2023-11-18 07:30:00,20.786127167630056
2023-11-18 08:00:00,20.473988439306357
2023-11-18 08:30:00,19.74566473988439
2023-11-18 09:00:00,19.017341040462426
2023-11-18 09:30:00,18.878612716763005
2023-11-18 10:00:00,18.739884393063583
2023-11-18 10:30:00,18.6242774566474
2023-11-18 11:00:00,18.508670520231213
2023-11-18 11:30:00,18.346820809248555
2023-11-18 12:00:00,18.184971098265894
2023-11-18 12:30:00,18.092485549132945
2023-11-18 13:00:00,18.0
2023-11-18 13:30:00,18.069364161849713
2023-11-18 14:00:00,18.13872832369942
2023-11-18 14:30:00,18.20809248554913
2023-11-18 15:00:00,18.277456647398843
2023-11-18 15:30:00,18.277456647398843
2023-11-18 16:00:00,18.277456647398843
2023-11-18 16:30:00,18.36994219653179
2023-11-18 17:00:00,18.46242774566474
2023-11-18 17:30:00,18.554913294797686
2023-11-18 18:00:00,18.647398843930635
2023-11-18 18:30:00,18.716763005780344
2023-11-18 19:00:00,18.786127167630056
2023-11-18 19:30:00,18.878612716763005
2023-11-18 20:00:00,18.971098265895954
2023-11-18 20:30:00,19.017341040462426
2023-11-18 21:00:00,19.0635838150289
2023-11-18 21:30:00,19.13294797687861
2023-11-18 22:00:00,19.202312138728324
2023-11-18 22:30:00,19.22543352601156
2023-11-18 23:00:00,19.248554913294797
2023-11-18 23:30:00,19.29479768786127
2023-11-19 00:00:00,19.341040462427745
2023-11-19 00:30:00,19.341040462427745
2023-11-19 01:00:00,19.341040462427745
2023-11-19 01:30:00,19.387283236994218
2023-11-19 02:00:00,19.433526011560694
2023-11-19 02:30:00,19.433526011560694
2023-11-19 03:00:00,19.433526011560694
2023-11-19 03:30:00,19.861271676300575
2023-11-19 04:00:00,20.289017341040463
2023-11-19 04:30:00,20.323699421965316
2023-11-19 05:00:00,20.358381502890172
2023-11-19 05:30:00,20.36994219653179
2023-11-19 06:00:00,20.381502890173408
2023-11-19 06:30:00,20.416184971098264
2023-11-19 07:00:00,20.45086705202312
2023-11-19 07:30:00,20.393063583815028
2023-11-19 08:00:00,20.335260115606935
2023-11-19 08:30:00,20.30057803468208
2023-11-19 09:00:00,20.265895953757223
2023-11-19 09:30:00,19.826589595375722
2023-11-19 10:00:00,19.387283236994218
2023-11-19 10:30:00,19.36416184971098
2023-11-19 11:00:00,19.341040462427745
2023-11-19 11:30:00,19.248554913294797
2023-11-19 12:00:00,19.156069364161848
2023-11-19 12:30:00,19.109826589595375
2023-11-19 13:00:00,19.0635838150289
2023-11-19 13:30:00,18.971098265895954
2023-11-19 14:00:00,18.878612716763005
2023-11-19 14:30:00,18.878612716763005
2023-11-19 15:00:00,18.878612716763005
2023-11-19 15:30:00,18.90173410404624
2023-11-19 16:00:00,18.92485549132948
2023-11-19 16:30:00,18.99421965317919
2023-11-19 17:00:00,19.0635838150289
2023-11-19 17:30:00,19.109826589595375
2023-11-19 18:00:00,19.156069364161848
2023-11-19 18:30:00,19.248554913294797
2023-11-19 19:00:00,19.341040462427745
2023-11-19 19:30:00,19.791907514450866
2023-11-19 20:00:00,20.242774566473987
2023-11-19 20:30:00,20.335260115606935
2023-11-19 21:00:00,20.427745664739884
2023-11-19 21:30:00,20.520231213872833
2023-11-19 22:00:00,20.61271676300578
2023-11-19 22:30:00,20.693641618497107
2023-11-19 23:00:00,20.774566473988436
2023-11-19 23:30:00,20.85549132947977
2023-11-20 00:00:00,20.936416184971097
2023-11-20 00:30:00,20.959537572254334
2023-11-20 01:00:00,20.982658959537574
2023-11-20 01:30:00,21.09826589595376
2023-11-20 02:00:00,21.21387283236994
2023-11-20 02:30:00,21.260115606936417
2023-11-20 03:00:00,21.30635838150289
2023-11-20 03:30:00,21.283236994219653
2023-11-20 04:00:00,21.260115606936417
2023-11-20 04:30:00,21.29479768786127
2023-11-20 05:00:00,21.329479768786126
2023-11-20 05:30:00,21.352601156069362
2023-11-20 06:00:00,21.3757225433526
2023-11-20 06:30:00,21.44508670520231
2023-11-20 07:00:00,21.514450867052023
2023-11-20 07:30:00,21.52601156069364
2023-11-20 08:00:00,21.53757225433526
2023-11-20 08:30:00,21.44508670520231
2023-11-20 09:00:00,21.352601156069362
2023-11-20 09:30:00,21.08670520231214
2023-11-20 10:00:00,20.820809248554912
2023-11-20 10:30:00,20.716763005780344
2023-11-20 11:00:00,20.61271676300578
2023-11-20 11:30:00,20.416184971098264
2023-11-20 12:00:00,20.21965317919075
2023-11-20 12:30:00,20.173410404624278
2023-11-20 13:00:00,20.1271676300578
2023-11-20 13:30:00,20.08092485549133
2023-11-20 14:00:00,20.034682080924853
2023-11-20 14:30:00,20.104046242774565
2023-11-20 15:00:00,20.173410404624278
2023-11-20 15:30:00,20.13872832369942
2023-11-20 16:00:00,20.104046242774565
2023-11-20 16:30:00,20.21965317919075
2023-11-20 17:00:00,20.335260115606935
2023-11-20 17:30:00,20.358381502890172
2023-11-20 18:00:00,20.381502890173408
2023-11-20 18:30:00,20.416184971098264
2023-11-20 19:00:00,20.45086705202312
2023-11-20 19:30:00,20.46242774566474
2023-11-20 20:00:00,20.473988439306357
2023-11-20 20:30:00,20.473988439306357
2023-11-20 21:00:00,20.473988439306357
2023-11-20 21:30:00,20.473988439306357
2023-11-20 22:00:00,20.473988439306357
2023-11-20 22:30:00,20.61271676300578
2023-11-20 23:00:00,20.751445086705203
2023-11-20 23:30:00,20.84393063583815
2023-11-21 00:00:00,20.936416184971097
2023-11-21 00:30:00,20.971098265895954
2023-11-21 01:00:00,21.00578034682081
2023-11-21 01:30:00,21.08670520231214
2023-11-21 02:00:00,21.167630057803468
2023-11-21 02:30:00,21.202312138728324
2023-11-21 03:00:00,21.236994219653177
2023-11-21 03:30:00,21.236994219653177
2023-11-21 04:00:00,21.236994219653177
2023-11-21 04:30:00,21.30635838150289
2023-11-21 05:00:00,21.3757225433526
2023-11-21 05:30:00,21.491329479768787
2023-11-21 06:00:00,21.606936416184972
2023-11-21 06:30:00,21.61849710982659
2023-11-21 07:00:00,21.63005780346821
2023-11-21 07:30:00,21.595375722543352
2023-11-21 08:00:00,21.560693641618496
2023-11-21 08:30:00,21.583815028901732
2023-11-21 09:00:00,21.606936416184972
2023-11-21 09:30:00,21.491329479768787
2023-11-21 10:00:00,21.3757225433526
2023-11-21 10:30:00,21.352601156069362
2023-11-21 11:00:00,21.329479768786126
2023-11-21 11:30:00,21.329479768786126
2023-11-21 12:00:00,21.329479768786126
2023-11-21 12:30:00,21.22543352601156
2023-11-21 13:00:00,21.121387283236995
2023-11-21 13:30:00,21.14450867052023
2023-11-21 14:00:00,21.167630057803468
2023-11-21 14:30:00,21.22543352601156
2023-11-21 15:00:00,21.283236994219653
2023-11-21 15:30:00,21.352601156069362
2023-11-21 16:00:00,21.421965317919074
2023-11-21 16:30:00,21.560693641618496
2023-11-21 17:00:00,21.699421965317917
2023-11-21 17:30:00,21.791907514450866
2023-11-21 18:00:00,21.884393063583815
2023-11-21 18:30:00,21.98843930635838
2023-11-21 19:00:00,22.09248554913295
2023-11-21 19:30:00,22.08092485549133
2023-11-21 20:00:00,22.06936416184971
2023-11-21 20:30:00,22.06936416184971
2023-11-21 21:00:00,22.06936416184971
2023-11-21 21:30:00,22.13872832369942
2023-11-21 22:00:00,22.208092485549134
2023-11-21 22:30:00,22.265895953757227
2023-11-21 23:00:00,22.32369942196532
2023-11-21 23:30:00,22.30057803468208
2023-11-22 00:00:00,22.277456647398843
2023-11-22 00:30:00,22.242774566473987
2023-11-22 01:00:00,22.208092485549134
2023-11-22 01:30:00,22.277456647398843
2023-11-22 02:00:00,22.346820809248555
2023-11-22 02:30:00,22.289017341040463
2023-11-22 03:00:00,22.23121387283237
2023-11-22 03:30:00,22.173410404624278
2023-11-22 04:00:00,22.115606936416185
2023-11-22 04:30:00,22.023121387283236
2023-11-22 05:00:00,21.930635838150287
2023-11-22 05:30:00,21.884393063583815
2023-11-22 06:00:00,21.838150289017342
2023-11-22 06:30:00,21.86127167630058
2023-11-22 07:00:00,21.884393063583815
2023-11-22 07:30:00,21.815028901734102
2023-11-22 08:00:00,21.745664739884393
2023-11-22 08:30:00,21.6878612716763
2023-11-22 09:00:00,21.63005780346821
2023-11-22 09:30:00,21.54913294797688
2023-11-22 10:00:00,21.468208092485547
2023-11-22 10:30:00,21.29479768786127
2023-11-22 11:00:00,21.121387283236995
2023-11-22 11:30:00,20.959537572254334
2023-11-22 12:00:00,20.797687861271676
2023-11-22 12:30:00,20.63583815028902
2023-11-22 13:00:00,20.473988439306357
2023-11-22 13:30:00,19.953757225433527
2023-11-22 14:00:00,19.433526011560694
2023-11-22 14:30:00,19.410404624277454
2023-11-22 15:00:00,19.387283236994218
2023-11-22 15:30:00,19.387283236994218
2023-11-22 16:00:00,19.387283236994218
2023-11-22 16:30:00,19.387283236994218
2023-11-22 17:00:00,19.387283236994218
2023-11-22 17:30:00,19.387283236994218
2023-11-22 18:00:00,19.387283236994218
2023-11-22 18:30:00,19.341040462427745
2023-11-22 19:00:00,19.29479768786127
2023-11-22 19:30:00,19.271676300578033
2023-11-22 20:00:00,19.248554913294797
2023-11-22 20:30:00,19.248554913294797
2023-11-22 21:00:00,19.248554913294797
2023-11-22 21:30:00,19.22543352601156
2023-11-22 22:00:00,19.202312138728324
2023-11-22 22:30:00,19.202312138728324
2023-11-22 23:00:00,19.202312138728324
2023-11-22 23:30:00,19.156069364161848
2023-11-23 00:00:00,19.109826589595375
2023-11-23 00:30:00,19.0635838150289
2023-11-23 01:00:00,19.017341040462426
2023-11-23 01:30:00,18.99421965317919
2023-11-23 02:00:00,18.971098265895954
2023-11-23 02:30:00,19.040462427745666
2023-11-23 03:00:00,19.109826589595375
2023-11-23 03:30:00,19.156069364161848
2023-11-23 04:00:00,19.202312138728324
2023-11-23 04:30:00,19.202312138728324
2023-11-23 05:00:00,19.202312138728324
2023-11-23 05:30:00,19.22543352601156
2023-11-23 06:00:00,19.248554913294797
2023-11-23 06:30:00,19.29479768786127
2023-11-23 07:00:00,19.341040462427745
2023-11-23 07:30:00,19.36416184971098
2023-11-23 08:00:00,19.387283236994218
2023-11-23 08:30:00,19.410404624277454
2023-11-23 09:00:00,19.433526011560694
2023-11-23 09:30:00,19.341040462427745
2023-11-23 10:00:00,19.248554913294797
2023-11-23 10:30:00,19.179190751445084
2023-11-23 11:00:00,19.109826589595375
2023-11-23 11:30:00,19.0635838150289
2023-11-23 12:00:00,19.017341040462426
2023-11-23 12:30:00,18.99421965317919
2023-11-23 13:00:00,18.971098265895954
2023-11-23 13:30:00,18.99421965317919
2023-11-23 14:00:00,19.017341040462426
2023-11-23 14:30:00,18.971098265895954
2023-11-23 15:00:00,18.92485549132948
2023-11-23 15:30:00,18.971098265895954
2023-11-23 16:00:00,19.017341040462426
2023-11-23 16:30:00,19.248554913294797
2023-11-23 17:00:00,19.479768786127167
2023-11-23 17:30:00,20.069364161849713
2023-11-23 18:00:00,20.65895953757225
2023-11-23 18:30:00,20.85549132947977
2023-11-23 19:00:00,21.052023121387283
2023-11-23 19:30:00,21.109826589595375
2023-11-23 20:00:00,21.167630057803468
2023-11-23 20:30:00,21.202312138728324
2023-11-23 21:00:00,21.236994219653177
2023-11-23 21:30:00,21.30635838150289
2023-11-23 22:00:00,21.3757225433526
2023-11-23 22:30:00,21.433526011560694
2023-11-23 23:00:00,21.491329479768787
2023-11-23 23:30:00,21.63005780346821
2023-11-24 00:00:00,21.76878612716763
2023-11-24 00:30:00,21.84971098265896
2023-11-24 01:00:00,21.930635838150287
2023-11-24 01:30:00,21.953757225433527
2023-11-24 02:00:00,21.976878612716764
2023-11-24 02:30:00,22.08092485549133
2023-11-24 03:00:00,22.184971098265894
2023-11-24 03:30:00,22.21965317919075
2023-11-24 04:00:00,22.254335260115607
2023-11-24 04:30:00,22.346820809248555
2023-11-24 05:00:00,22.4393063583815
2023-11-24 05:30:00,22.4393063583815
2023-11-24 06:00:00,22.4393063583815
2023-11-24 06:30:00,22.54335260115607
2023-11-24 07:00:00,22.647398843930635
2023-11-24 07:30:00,22.84393063583815
2023-11-24 08:00:00,23.040462427745666
2023-11-24 08:30:00,23.13294797687861
2023-11-24 09:00:00,23.22543352601156
2023-11-24 09:30:00,23.213872832369944
2023-11-24 10:00:00,23.202312138728324
2023-11-24 10:30:00,23.063583815028903
2023-11-24 11:00:00,22.92485549132948
2023-11-24 11:30:00,22.69364161849711
2023-11-24 12:00:00,22.46242774566474
2023-11-24 12:30:00,22.6242774566474
2023-11-24 13:00:00,22.786127167630056
2023-11-24 13:30:00,22.797687861271676
2023-11-24 14:00:00,22.809248554913296
2023-11-24 14:30:00,22.936416184971097
2023-11-24 15:00:00,23.063583815028903
2023-11-24 15:30:00,23.294797687861273
2023-11-24 16:00:00,23.52601156069364
2023-11-24 16:30:00,23.78034682080925
2023-11-24 17:00:00,24.034682080924856
2023-11-24 17:30:00,24.034682080924856
2023-11-24 18:00:00,24.034682080924856
2023-11-24 18:30:00,24.173410404624278
2023-11-24 19:00:00,24.3121387283237
2023-11-24 19:30:00,24.46242774566474
2023-11-24 20:00:00,24.612716763005782
2023-11-24 20:30:00,24.6242774566474
2023-11-24 21:00:00,24.63583815028902
2023-11-24 21:30:00,24.820809248554912
2023-11-24 22:00:00,25.00578034682081
2023-11-24 22:30:00,25.017341040462426
2023-11-24 23:00:00,25.028901734104046
2023-11-24 23:30:00,25.09826589595376
2023-11-25 00:00:00,25.167630057803468
2023-11-25 00:30:00,25.294797687861273
2023-11-25 01:00:00,25.421965317919074
2023-11-25 01:30:00,25.421965317919074
2023-11-25 02:00:00,25.421965317919074
2023-11-25 02:30:00,25.479768786127167
2023-11-25 03:00:00,25.53757225433526
2023-11-25 03:30:00,25.514450867052023
2023-11-25 04:00:00,25.491329479768787
2023-11-25 04:30:00,25.398843930635838
2023-11-25 05:00:00,25.30635838150289
2023-11-25 05:30:00,25.3757225433526
2023-11-25 06:00:00,25.44508670520231
2023-11-25 06:30:00,25.45664739884393
2023-11-25 07:00:00,25.46820809248555
2023-11-25 07:30:00,25.54913294797688
2023-11-25 08:00:00,25.63005780346821
2023-11-25 08:30:00,25.3757225433526
2023-11-25 09:00:00,25.121387283236995
2023-11-25 09:30:00,24.67052023121387
2023-11-25 10:00:00,24.21965317919075
2023-11-25 10:30:00,23.942196531791907
2023-11-25 11:00:00,23.664739884393065
2023-11-25 11:30:00,23.398843930635838
2023-11-25 12:00:00,23.13294797687861
2023-11-25 12:30:00,22.92485549132948
2023-11-25 13:00:00,22.716763005780347
2023-11-25 13:30:00,22.67052023121387
2023-11-25 14:00:00,22.6242774566474
2023-11-25 14:30:00,22.728323699421964
2023-11-25 15:00:00,22.832369942196532
2023-11-25 15:30:00,23.190751445086704
2023-11-25 16:00:00,23.54913294797688
2023-11-25 16:30:00,23.78034682080925
2023-11-25 17:00:00,24.01156069364162
2023-11-25 17:30:00,24.104046242774565
2023-11-25 18:00:00,24.196531791907514
2023-11-25 18:30:00,24.254335260115607
2023-11-25 19:00:00,24.3121387283237
2023-11-25 19:30:00,24.335260115606935
2023-11-25 20:00:00,24.358381502890172
2023-11-25 20:30:00,24.32369942196532
2023-11-25 21:00:00,24.289017341040463
2023-11-25 21:30:00,24.393063583815028
2023-11-25 22:00:00,24.497109826589597
2023-11-25 22:30:00,24.589595375722542
2023-11-25 23:00:00,24.68208092485549
2023-11-25 23:30:00,24.508670520231213
2023-11-26 00:00:00,24.335260115606935
2023-11-26 00:30:00,24.277456647398843
2023-11-26 01:00:00,24.21965317919075
2023-11-26 01:30:00,24.427745664739884
2023-11-26 02:00:00,24.63583815028902
2023-11-26 02:30:00,24.46242774566474
2023-11-26 03:00:00,24.289017341040463
2023-11-26 03:30:00,24.08092485549133
2023-11-26 04:00:00,23.872832369942195
2023-11-26 04:30:00,24.057803468208093
2023-11-26 05:00:00,24.242774566473987
2023-11-26 05:30:00,24.23121387283237
2023-11-26 06:00:00,24.21965317919075
2023-11-26 06:30:00,24.173410404624278
2023-11-26 07:00:00,24.127167630057805
2023-11-26 07:30:00,24.23121387283237
2023-11-26 08:00:00,24.335260115606935
2023-11-26 08:30:00,24.265895953757227
2023-11-26 09:00:00,24.196531791907514
2023-11-26 09:30:00,23.91907514450867
2023-11-26 10:00:00,23.641618497109825
2023-11-26 10:30:00,23.387283236994218
2023-11-26 11:00:00,23.13294797687861
2023-11-26 11:30:00,23.017341040462426
2023-11-26 12:00:00,22.90173410404624
2023-11-26 12:30:00,22.936416184971097
2023-11-26 13:00:00,22.971098265895954
2023-11-26 13:30:00,22.786127167630056
2023-11-26 14:00:00,22.601156069364162
2023-11-26 14:30:00,22.601156069364162
2023-11-26 15:00:00,22.601156069364162
2023-11-26 15:30:00,22.6242774566474
2023-11-26 16:00:00,22.647398843930635
2023-11-26 16:30:00,22.76300578034682
2023-11-26 17:00:00,22.878612716763005
2023-11-26 17:30:00,22.832369942196532
2023-11-26 18:00:00,22.786127167630056
2023-11-26 18:30:00,22.809248554913296
2023-11-26 19:00:00,22.832369942196532
2023-11-26 19:30:00,22.786127167630056
2023-11-26 20:00:00,22.739884393063583
2023-11-26 20:30:00,22.54335260115607
2023-11-26 21:00:00,22.346820809248555
2023-11-26 21:30:00,22.30057803468208
2023-11-26 22:00:00,22.254335260115607
2023-11-26 22:30:00,22.161849710982658
2023-11-26 23:00:00,22.06936416184971
2023-11-26 23:30:00,22.0
2023-11-27 00:00:00,21.930635838150287
2023-11-27 00:30:00,21.976878612716764
2023-11-27 01:00:00,22.023121387283236
2023-11-27 01:30:00,22.023121387283236
2023-11-27 02:00:00,22.023121387283236
2023-11-27 02:30:00,22.09248554913295
2023-11-27 03:00:00,22.161849710982658
2023-11-27 03:30:00,22.161849710982658
2023-11-27 04:00:00,22.161849710982658
2023-11-27 04:30:00,22.36994219653179
2023-11-27 05:00:00,22.578034682080926
2023-11-27 05:30:00,22.716763005780347
2023-11-27 06:00:00,22.85549132947977
2023-11-27 06:30:00,22.99421965317919
2023-11-27 07:00:00,23.13294797687861
2023-11-27 07:30:00,23.213872832369944
2023-11-27 08:00:00,23.294797687861273
2023-11-27 08:30:00,23.45664739884393
2023-11-27 09:00:00,23.61849710982659
2023-11-27 09:30:00,23.745664739884393
2023-11-27 10:00:00,23.872832369942195
2023-11-27 10:30:00,23.86127167630058
2023-11-27 11:00:00,23.84971098265896
2023-11-27 11:30:00,23.710982658959537
2023-11-27 12:00:00,23.572254335260116
2023-11-27 12:30:00,23.514450867052023
2023-11-27 13:00:00,23.45664739884393
2023-11-27 13:30:00,23.329479768786126
2023-11-27 14:00:00,23.202312138728324
2023-11-27 14:30:00,23.15606936416185
2023-11-27 15:00:00,23.109826589595375
2023-11-27 15:30:00,23.052023121387283
2023-11-27 16:00:00,22.99421965317919
2023-11-27 16:30:00,22.959537572254334
2023-11-27 17:00:00,22.92485549132948
2023-11-27 17:30:00,22.971098265895954
2023-11-27 18:00:00,23.017341040462426
2023-11-27 18:30:00,23.017341040462426
2023-11-27 19:00:00,23.017341040462426
2023-11-27 19:30:00,23.063583815028903
2023-11-27 20:00:00,23.109826589595375
2023-11-27 20:30:00,23.109826589595375
2023-11-27 21:00:00,23.109826589595375
2023-11-27 21:30:00,23.109826589595375
2023-11-27 22:00:00,23.109826589595375
2023-11-27 22:30:00,23.08670520231214
2023-11-27 23:00:00,23.063583815028903
2023-11-27 23:30:00,22.982658959537574
2023-11-28 00:00:00,22.90173410404624
2023-11-28 00:30:00,22.92485549132948
2023-11-28 01:00:00,22.947976878612717
2023-11-28 01:30:00,22.947976878612717
2023-11-28 02:00:00,22.947976878612717
2023-11-28 02:30:00,22.982658959537574
2023-11-28 03:00:00,23.017341040462426
2023-11-28 03:30:00,23.09826589595376
2023-11-28 04:00:00,23.179190751445088
2023-11-28 04:30:00,23.341040462427745
2023-11-28 05:00:00,23.502890173410403
2023-11-28 05:30:00,23.479768786127167
2023-11-28 06:00:00,23.45664739884393
2023-11-28 06:30:00,23.63005780346821
2023-11-28 07:00:00,23.803468208092486
2023-11-28 07:30:00,23.91907514450867
2023-11-28 08:00:00,24.034682080924856
2023-11-28 08:30:00,24.034682080924856
2023-11-28 09:00:00,24.034682080924856
2023-11-28 09:30:00,23.826589595375722
2023-11-28 10:00:00,23.61849710982659
2023-11-28 10:30:00,23.271676300578033
2023-11-28 11:00:00,22.92485549132948
2023-11-28 11:30:00,22.68208092485549
2023-11-28 12:00:00,22.4393063583815
2023-11-28 12:30:00,22.346820809248555
2023-11-28 13:00:00,22.254335260115607
2023-11-28 13:30:00,22.393063583815028
2023-11-28 14:00:00,22.53179190751445
2023-11-28 14:30:00,22.647398843930635
2023-11-28 15:00:00,22.76300578034682
2023-11-28 15:30:00,22.947976878612717
2023-11-28 16:00:00,23.13294797687861
2023-11-28 16:30:00,23.387283236994218
2023-11-28 17:00:00,23.641618497109825
2023-11-28 17:30:00,23.734104046242773
2023-11-28 18:00:00,23.826589595375722
2023-11-28 18:30:00,23.930635838150287
2023-11-28 19:00:00,24.034682080924856
2023-11-28 19:30:00,24.13872832369942
2023-11-28 20:00:00,24.242774566473987
2023-11-28 20:30:00,24.277456647398843
2023-11-28 21:00:00,24.3121387283237
2023-11-28 21:30:00,24.393063583815028
2023-11-28 22:00:00,24.473988439306357
2023-11-28 22:30:00,24.61271676300578
2023-11-28 23:00:00,24.751445086705203
2023-11-28 23:30:00,24.84393063583815
2023-11-29 00:00:00,24.936416184971097
2023-11-29 00:30:00,25.063583815028903
2023-11-29 01:00:00,25.190751445086704
2023-11-29 01:30:00,25.23699421965318
2023-11-29 02:00:00,25.283236994219653
2023-11-29 02:30:00,25.387283236994218
2023-11-29 03:00:00,25.491329479768787
2023-11-29 03:30:00,25.53757225433526
2023-11-29 04:00:00,25.583815028901736
2023-11-29 04:30:00,25.653179190751445
2023-11-29 05:00:00,25.722543352601157
2023-11-29 05:30:00,25.76878612716763
2023-11-29 06:00:00,25.815028901734106
2023-11-29 06:30:00,25.895953757225435
2023-11-29 07:00:00,25.976878612716764
2023-11-29 07:30:00,25.98843930635838
2023-11-29 08:00:00,26.0
2023-11-29 08:30:00,25.953757225433527
2023-11-29 09:00:00,25.90751445086705
2023-11-29 09:30:00,25.63005780346821
2023-11-29 10:00:00,25.352601156069365
2023-11-29 10:30:00,25.040462427745666
2023-11-29 11:00:00,24.728323699421964
2023-11-29 11:30:00,24.705202312138727
2023-11-29 12:00:00,24.68208092485549
2023-11-29 12:30:00,24.427745664739884
2023-11-29 13:00:00,24.173410404624278
2023-11-29 13:30:00,24.254335260115607
2023-11-29 14:00:00,24.335260115606935
2023-11-29 14:30:00,24.30057803468208
2023-11-29 15:00:00,24.265895953757227
2023-11-29 15:30:00,24.578034682080926
2023-11-29 16:00:00,24.890173410404625
2023-11-29 16:30:00,25.121387283236995
2023-11-29 17:00:00,25.352601156069365
2023-11-29 17:30:00,25.410404624277458
2023-11-29 18:00:00,25.46820809248555
2023-11-29 18:30:00,25.479768786127167
2023-11-29 19:00:00,25.491329479768787
2023-11-29 19:30:00,25.514450867052023
2023-11-29 20:00:00,25.53757225433526
2023-11-29 20:30:00,25.572254335260116
2023-11-29 21:00:00,25.606936416184972
2023-11-29 21:30:00,25.583815028901736
2023-11-29 22:00:00,25.560693641618496
2023-11-29 22:30:00,25.606936416184972
2023-11-29 23:00:00,25.653179190751445
2023-11-29 23:30:00,25.653179190751445
2023-11-30 00:00:00,25.653179190751445
2023-11-30 00:30:00,25.653179190751445
2023-11-30 01:00:00,25.653179190751445
2023-11-30 01:30:00,25.653179190751445
2023-11-30 02:00:00,25.653179190751445
2023-11-30 02:30:00,25.653179190751445
2023-11-30 03:00:00,25.653179190751445
2023-11-30 03:30:00,25.653179190751445
2023-11-30 04:00:00,25.653179190751445
2023-11-30 04:30:00,25.653179190751445
2023-11-30 05:00:00,25.653179190751445
2023-11-30 05:30:00,25.653179190751445
2023-11-30 06:00:00,25.653179190751445
2023-11-30 06:30:00,25.653179190751445
2023-11-30 07:00:00,25.653179190751445
2023-11-30 07:30:00,25.653179190751445
2023-11-30 08:00:00,25.653179190751445
2023-11-30 08:30:00,25.653179190751445
2023-11-30 09:00:00,25.653179190751445
2023-11-30 09:30:00,25.653179190751445
2023-11-30 10:00:00,25.653179190751445
2023-11-30 10:30:00,25.653179190751445
2023-11-30 11:00:00,25.653179190751445
2023-11-30 11:30:00,25.653179190751445
2023-11-30 12:00:00,25.653179190751445
2023-11-30 12:30:00,25.653179190751445
2023-11-30 13:00:00,25.653179190751445
2023-11-30 13:30:00,25.653179190751445
2023-11-30 14:00:00,25.653179190751445
2023-11-30 14:30:00,25.653179190751445
2023-11-30 15:00:00,25.653179190751445
2023-11-30 15:30:00,25.653179190751445
2023-11-30 16:00:00,25.653179190751445
2023-11-30 16:30:00,25.653179190751445
2023-11-30 17:00:00,25.653179190751445
2023-11-30 17:30:00,25.653179190751445
2023-11-30 18:00:00,25.653179190751445
2023-11-30 18:30:00,25.653179190751445
2023-11-30 19:00:00,25.653179190751445
2023-11-30 19:30:00,25.653179190751445
2023-11-30 20:00:00,25.653179190751445
2023-11-30 20:30:00,25.653179190751445
2023-11-30 21:00:00,25.653179190751445
2023-11-30 21:30:00,25.653179190751445
2023-11-30 22:00:00,25.653179190751445
2023-11-30 22:30:00,25.653179190751445
2023-11-30 23:00:00,25.653179190751445
2023-11-30 23:30:00,25.653179190751445
2023-12-01 00:00:00,25.653179190751445
2023-12-01 00:30:00,25.653179190751445
2023-12-01 01:00:00,25.653179190751445
2023-12-01 01:30:00,25.653179190751445
2023-12-01 02:00:00,25.653179190751445
2023-12-01 02:30:00,25.653179190751445
2023-12-01 03:00:00,25.653179190751445
2023-12-01 03:30:00,25.653179190751445
2023-12-01 04:00:00,25.653179190751445
2023-12-01 04:30:00,25.653179190751445
2023-12-01 05:00:00,25.653179190751445
2023-12-01 05:30:00,25.653179190751445
2023-12-01 06:00:00,25.653179190751445
2023-12-01 06:30:00,25.653179190751445
2023-12-01 07:00:00,25.653179190751445
2023-12-01 07:30:00,25.653179190751445
2023-12-01 08:00:00,25.653179190751445
2023-12-01 08:30:00,25.653179190751445
2023-12-01 09:00:00,25.653179190751445
2023-12-01 09:30:00,25.653179190751445
2023-12-01 10:00:00,25.653179190751445
2023-12-01 10:30:00,25.653179190751445
2023-12-01 11:00:00,25.653179190751445
2023-12-01 11:30:00,25.653179190751445
2023-12-01 12:00:00,25.653179190751445
2023-12-01 12:30:00,25.653179190751445
2023-12-01 13:00:00,25.653179190751445
2023-12-01 13:30:00,25.653179190751445
2023-12-01 14:00:00,25.653179190751445
2023-12-01 14:30:00,25.653179190751445
2023-12-01 15:00:00,25.653179190751445
2023-12-01 15:30:00,25.653179190751445
2023-12-01 16:00:00,25.653179190751445
2023-12-01 16:30:00,25.653179190751445
2023-12-01 17:00:00,25.653179190751445
2023-12-01 17:30:00,25.653179190751445
2023-12-01 18:00:00,25.653179190751445
2023-12-01 18:30:00,25.653179190751445
2023-12-01 19:00:00,25.653179190751445
2023-12-01 19:30:00,25.653179190751445
2023-12-01 20:00:00,25.653179190751445
2023-12-01 20:30:00,25.653179190751445
2023-12-01 21:00:00,25.653179190751445
2023-12-01 21:30:00,25.653179190751445
2023-12-01 22:00:00,25.653179190751445
2023-12-01 22:30:00,25.653179190751445
2023-12-01 23:00:00,25.653179190751445
2023-12-01 23:30:00,25.653179190751445
2023-12-02 00:00:00,25.653179190751445
2023-12-02 00:30:00,25.653179190751445
2023-12-02 01:00:00,25.653179190751445
2023-12-02 01:30:00,25.653179190751445
2023-12-02 02:00:00,25.653179190751445
2023-12-02 02:30:00,25.653179190751445
2023-12-02 03:00:00,25.653179190751445
2023-12-02 03:30:00,25.653179190751445
2023-12-02 04:00:00,25.653179190751445
2023-12-02 04:30:00,25.653179190751445
2023-12-02 05:00:00,25.653179190751445
2023-12-02 05:30:00,25.653179190751445
2023-12-02 06:00:00,25.653179190751445
2023-12-02 06:30:00,25.653179190751445
2023-12-02 07:00:00,25.653179190751445
2023-12-02 07:30:00,25.653179190751445
2023-12-02 08:00:00,25.653179190751445
2023-12-02 08:30:00,25.653179190751445
2023-12-02 09:00:00,25.653179190751445
2023-12-02 09:30:00,25.653179190751445
2023-12-02 10:00:00,25.653179190751445
2023-12-02 10:30:00,25.653179190751445
2023-12-02 11:00:00,25.653179190751445
2023-12-02 11:30:00,25.653179190751445
2023-12-02 12:00:00,25.653179190751445
2023-12-02 12:30:00,25.653179190751445
2023-12-02 13:00:00,25.653179190751445
2023-12-02 13:30:00,25.653179190751445
2023-12-02 14:00:00,25.653179190751445
2023-12-02 14:30:00,25.653179190751445
2023-12-02 15:00:00,25.653179190751445
2023-12-02 15:30:00,25.653179190751445
2023-12-02 16:00:00,25.653179190751445
2023-12-02 16:30:00,25.653179190751445
2023-12-02 17:00:00,25.653179190751445
2023-12-02 17:30:00,25.653179190751445
2023-12-02 18:00:00,25.653179190751445
2023-12-02 18:30:00,25.653179190751445
2023-12-02 19:00:00,25.653179190751445
2023-12-02 19:30:00,25.653179190751445
2023-12-02 20:00:00,25.653179190751445
2023-12-02 20:30:00,25.653179190751445
2023-12-02 21:00:00,25.653179190751445
2023-12-02 21:30:00,25.653179190751445
2023-12-02 22:00:00,25.653179190751445
2023-12-02 22:30:00,25.653179190751445
2023-12-02 23:00:00,25.653179190751445
2023-12-02 23:30:00,25.653179190751445
2023-12-03 00:00:00,25.653179190751445
2023-12-03 00:30:00,25.653179190751445
2023-12-03 01:00:00,25.653179190751445
2023-12-03 01:30:00,25.653179190751445
2023-12-03 02:00:00,25.653179190751445
2023-12-03 02:30:00,25.653179190751445
2023-12-03 03:00:00,25.653179190751445
2023-12-03 03:30:00,25.653179190751445
2023-12-03 04:00:00,25.653179190751445
2023-12-03 04:30:00,25.653179190751445
2023-12-03 05:00:00,25.653179190751445
2023-12-03 05:30:00,25.653179190751445
2023-12-03 06:00:00,25.653179190751445
2023-12-03 06:30:00,25.653179190751445
2023-12-03 07:00:00,25.653179190751445
2023-12-03 07:30:00,25.653179190751445
2023-12-03 08:00:00,25.653179190751445
2023-12-03 08:30:00,25.653179190751445
2023-12-03 09:00:00,25.653179190751445
2023-12-03 09:30:00,25.653179190751445
2023-12-03 10:00:00,25.653179190751445
2023-12-03 10:30:00,25.653179190751445
2023-12-03 11:00:00,25.653179190751445
2023-12-03 11:30:00,25.653179190751445
2023-12-03 12:00:00,25.653179190751445
2023-12-03 12:30:00,25.653179190751445
2023-12-03 13:00:00,25.653179190751445
2023-12-03 13:30:00,25.653179190751445
2023-12-03 14:00:00,25.653179190751445
2023-12-03 14:30:00,25.653179190751445
2023-12-03 15:00:00,25.653179190751445
2023-12-03 15:30:00,25.653179190751445
2023-12-03 16:00:00,25.653179190751445
2023-12-03 16:30:00,25.653179190751445
2023-12-03 17:00:00,25.653179190751445
2023-12-03 17:30:00,25.653179190751445
2023-12-03 18:00:00,25.653179190751445
2023-12-03 18:30:00,25.653179190751445
2023-12-03 19:00:00,25.653179190751445
2023-12-03 19:30:00,25.653179190751445
2023-12-03 20:00:00,25.653179190751445
2023-12-03 20:30:00,25.653179190751445
2023-12-03 21:00:00,25.653179190751445
2023-12-03 21:30:00,25.653179190751445
2023-12-03 22:00:00,25.653179190751445
2023-12-03 22:30:00,25.653179190751445
2023-12-03 23:00:00,25.653179190751445
2023-12-03 23:30:00,25.653179190751445
2023-12-04 00:00:00,25.653179190751445
2023-12-04 00:30:00,25.653179190751445
2023-12-04 01:00:00,25.653179190751445
2023-12-04 01:30:00,25.653179190751445
2023-12-04 02:00:00,25.653179190751445
2023-12-04 02:30:00,25.653179190751445
2023-12-04 03:00:00,25.653179190751445
2023-12-04 03:30:00,25.653179190751445
2023-12-04 04:00:00,25.653179190751445
2023-12-04 04:30:00,25.653179190751445
2023-12-04 05:00:00,25.653179190751445
2023-12-04 05:30:00,25.653179190751445
2023-12-04 06:00:00,25.653179190751445
2023-12-04 06:30:00,25.653179190751445
2023-12-04 07:00:00,25.653179190751445
2023-12-04 07:30:00,25.653179190751445
2023-12-04 08:00:00,25.653179190751445
2023-12-04 08:30:00,25.653179190751445
2023-12-04 09:00:00,25.653179190751445
2023-12-04 09:30:00,25.653179190751445
2023-12-04 10:00:00,25.653179190751445
2023-12-04 10:30:00,25.653179190751445
2023-12-04 11:00:00,25.653179190751445
2023-12-04 11:30:00,25.653179190751445
2023-12-04 12:00:00,25.653179190751445
2023-12-04 12:30:00,25.653179190751445
2023-12-04 13:00:00,25.653179190751445
2023-12-04 13:30:00,25.653179190751445
2023-12-04 14:00:00,25.653179190751445
2023-12-04 14:30:00,25.653179190751445
2023-12-04 15:00:00,25.653179190751445
2023-12-04 15:30:00,25.653179190751445
2023-12-04 16:00:00,25.653179190751445
2023-12-04 16:30:00,25.653179190751445
2023-12-04 17:00:00,25.653179190751445
2023-12-04 17:30:00,25.653179190751445
2023-12-04 18:00:00,25.653179190751445
2023-12-04 18:30:00,25.653179190751445
2023-12-04 19:00:00,25.653179190751445
2023-12-04 19:30:00,25.653179190751445
2023-12-04 20:00:00,25.653179190751445
2023-12-04 20:30:00,25.653179190751445
2023-12-04 21:00:00,25.653179190751445
2023-12-04 21:30:00,25.653179190751445
2023-12-04 22:00:00,25.653179190751445
2023-12-04 22:30:00,25.653179190751445
2023-12-04 23:00:00,25.653179190751445
2023-12-04 23:30:00,25.653179190751445
2023-12-05 00:00:00,25.653179190751445
2023-12-05 00:30:00,25.653179190751445
2023-12-05 01:00:00,25.653179190751445
2023-12-05 01:30:00,25.653179190751445
2023-12-05 02:00:00,25.653179190751445
2023-12-05 02:30:00,25.653179190751445
2023-12-05 03:00:00,25.653179190751445
2023-12-05 03:30:00,25.653179190751445
2023-12-05 04:00:00,25.653179190751445
2023-12-05 04:30:00,25.653179190751445
2023-12-05 05:00:00,25.653179190751445
2023-12-05 05:30:00,25.653179190751445
2023-12-05 06:00:00,25.653179190751445
2023-12-05 06:30:00,25.653179190751445
2023-12-05 07:00:00,25.653179190751445
2023-12-05 07:30:00,25.653179190751445
2023-12-05 08:00:00,25.653179190751445
2023-12-05 08:30:00,25.653179190751445
2023-12-05 09:00:00,25.653179190751445
2023-12-05 09:30:00,25.653179190751445
2023-12-05 10:00:00,25.653179190751445
2023-12-05 10:30:00,25.653179190751445
2023-12-05 11:00:00,25.653179190751445
2023-12-05 11:30:00,25.653179190751445
2023-12-05 12:00:00,25.653179190751445
2023-12-05 12:30:00,25.653179190751445
2023-12-05 13:00:00,25.653179190751445
2023-12-05 13:30:00,25.653179190751445
